iso_code,Contries,1/2020,2/2020,3/2020,4/2020,5/2020,6/2020,7/2020,8/2020,9/2020,10/2020,11/2020,12/2020,1/2021,2/2021,3/2021,4/2021,5/2021,6/2021,7/2021,8/2021,9/2021,9/2021,10/2021,11/2021,12/2021,1/2022,2/2022,3/2022,4/2022,5/2022,6/2022,7/2022,8/2022,9/2022,10/2022,11/2022,12/2022,1/2023,2/2023,3/2023,4/2023,5/2023,6/2023,7/2023,8/2023,9/2023,10/2023,11/2023,12/2023
AFG,Afghanistan,0,0,91,1329,13922,27053,16485,3792,2177,2464,6263,9815,6071,2225,959,2996,13601,52378,64647,19455,12821,4441,2098,1846,1627,4055,14835,11762,4301,2033,3149,4547,8989,11237,7187,5397,3704,1875,1471,1388,5370,9705,6400,1698,1493,1580,1947,2419,2027
ALB,Albania,,0,186,678,683,1419,3358,5917,6894,8589,21179,32170,29487,42851,40134,18969,4490,929,456,10594,16470,33099,29047,24564,19227,52526,54628,10146,2655,1904,2945,32695,41084,15425,2049,905,770,812,576,529,439,98,0,0,0,0,0,318,285
DZA,Algeria,,0,454,3237,7442,7410,16714,25070,16221,9559,28272,36476,15484,11047,7898,6632,10078,14213,30187,49375,45449,22218,6536,5490,9297,36658,43036,8023,534,153,236,1449,3929,2502,304,354,347,223,185,174,209,222,82,11,19,43,63,72,44
AND,Andorra,,0,341,737,142,101,45,269,880,2823,3914,2487,2597,2263,1603,2005,1196,476,740,950,782,331,433,1421,6112,16116,11591,3114,2579,2566,2057,2284,1356,354,422,549,1098,393,94,67,76,76,0,0,0,0,0,0,0
AGO,Angola,,0,0,25,65,216,828,2068,3100,6091,8841,4814,3621,2626,1969,4437,10849,10051,6142,7198,7768,11203,14026,3894,6488,32660,9926,755,516,567,1844,2636,1039,495,467,1402,1122,238,115,111,96,475,343,47,16,29,24,152,733
AIA,Anguilla,,0,2,3,0,0,0,0,0,0,1,9,7,3,6,40,80,10,4,83,167,250,580,790,607,801,751,249,176,486,623,238,329,238,15,0,38,0,0,0,0,0,0,0,0,0,0,0,0
ATG,Antigua and Barbuda,,0,7,24,4,40,57,20,6,27,30,25,71,557,845,414,77,26,17,372,491,1574,1887,403,151,2399,2593,750,116,608,962,281,263,302,132,0,0,0,0,0,0,0,0,0,0,0,0,0,0
ARG,Argentina,,0,1282,5442,19416,64795,159727,333264,476359,612041,518849,341443,453961,407848,355246,751014,1225459,1237738,861335,508945,432366,221434,65936,64994,192048,2965097,2429714,390621,136254,189870,265853,246854,252054,105886,21112,13653,170907,270160,39446,4628,0,420,2478,4515,7845,14793,8954,4224,2859
ARM,Armenia,,0,424,1745,8269,21332,24187,11781,8990,33054,78317,51410,18701,9927,22229,38609,19819,5527,5618,14948,17595,26388,59476,65575,24048,23895,73838,32501,1484,283,212,2359,8857,14156,7884,1966,800,376,811,2198,1773,496,120,60,97,357,1267,1104,361
ABW,Aruba,,0,46,100,9,0,16,1743,3493,2097,641,664,1847,1921,1939,2460,1061,388,274,3157,3521,3223,891,676,1216,16187,8401,643,762,2475,5214,3779,1750,684,364,357,373,300,184,106,32,66,20,24,0,0,0,0,0
AUS,Australia,,22,3794,6633,896,712,6695,15994,6318,1292,641,644,786,375,410,629,693,912,3340,24001,34220,66375,94633,76593,182957,2087782,1771799,1643152,2306063,2074101,1682307,1533461,1596506,680810,262236,336363,635427,497798,170683,135545,184318,226706,222358,83499,40742,36216,37556,55457,72033
AUT,Austria,,0,4946,11905,2755,1702,3489,8163,20484,50302,219934,197838,91377,74550,109442,132573,69723,20485,9810,32961,41757,72501,117420,373736,384406,584050,1321261,1686344,1267886,269054,205105,459729,379537,252493,450788,306903,215969,163616,173047,223405,93710,31224,11922,2397,0,0,0,0,0
AZE,Azerbaijan,,0,147,1583,3998,13090,22452,12996,6411,11190,68294,149426,62780,10572,23463,75100,50144,9740,5410,76888,101379,129209,74065,92974,69469,47978,163581,100515,3518,541,522,5534,17864,19192,5606,2089,2397,3078,1689,1281,2448,1511,356,126,121,788,1517,500,166
BHS,Bahamas,,0,9,72,59,12,213,1949,2960,3876,2541,841,524,565,764,1434,2343,1674,2070,4917,5300,5168,2956,1125,1117,9590,5999,574,292,1280,2119,1430,807,455,240,158,72,0,0,0,593,593,0,0,0,0,0,0,0
BHR,Bahrain,,0,476,2526,9753,20493,24364,18921,25146,25204,11358,8254,13661,26461,34105,44209,80297,77090,18831,5134,5120,4796,3172,1955,2477,83985,218512,136990,40659,24553,44506,64603,32379,15874,15787,12524,5105,0,0,0,0,0,0,0,0,0,0,0,0
BGD,Bangladesh,,0,48,5413,46532,123130,157684,127027,101548,73658,84141,88910,44606,23763,57652,194992,114074,114893,353645,472348,410467,197656,39126,13425,12240,206007,348980,89750,5290,1342,12374,51142,21463,14355,20265,6804,1196,726,541,392,310,893,3914,3940,2125,892,406,271,264
BRB,Barbados,,0,24,77,25,15,16,68,52,49,65,105,1206,2186,1927,603,301,135,301,653,942,2946,11706,14540,8113,16111,23898,11146,10947,18771,10781,9522,14847,8290,1615,1807,2091,1213,740,364,668,606,1219,1113,724,539,98,26,26
BLR,Belarus,,0,94,9584,39432,38122,20134,6759,8551,18504,50301,79639,88236,75591,60672,57242,56774,47056,40919,51015,55554,75276,96966,94375,80586,65332,205619,189416,48094,13251,536,11170,0,0,0,0,0,0,0,0,0,0,0,0,0,0,0,0,0
BEL,Belgium,,1,12030,47184,25980,7811,6870,22091,40463,249262,409423,135943,97751,103329,142591,186734,136352,65718,41307,84347,88959,97232,168174,472037,625217,1186337,1287633,473785,439854,212965,123465,248299,166899,88693,112315,62311,54372,39730,38280,69499,43026,14284,4837,1656,4935,13303,15068,11454,12465
BLZ,Belize,,0,2,18,8,6,29,833,1662,1898,3160,6474,2912,1091,402,264,304,451,1056,2494,3067,5162,9393,7978,3609,19454,20795,3687,545,1762,5425,6248,3239,1360,470,128,718,1493,566,122,0,11,103,214,324,278,30,0,0
BEN,Benin,,0,3,60,204,1038,1502,767,389,344,563,460,696,2330,2907,1649,543,275,242,4265,8702,14350,5459,515,131,1553,1045,95,30,194,550,274,244,466,274,198,70,8,13,22,5,0,0,0,17,22,3,0,0
BMU,Bermuda,,0,17,99,92,28,12,18,23,15,63,352,300,59,255,1593,718,76,44,323,518,2368,2128,229,387,4784,4299,1433,1618,2016,2125,1765,1512,766,427,243,129,247,115,78,32,0,0,0,0,0,0,0,0
BTN,Bhutan,,0,3,6,38,69,36,140,163,110,87,238,422,54,11,154,694,831,799,319,175,55,25,27,37,2036,9413,18988,42973,17403,212,887,1136,1306,961,303,101,84,69,40,29,21,5,19,14,6,0,0,0
BOL,Bolivia,,0,90,807,8456,27157,53728,68844,45331,21032,6268,11247,66695,76737,42801,42595,83921,115207,83886,36257,31402,21333,18448,31683,58018,290241,239032,31400,9661,5077,14382,120388,156727,47298,3605,1960,37160,69660,22329,6064,2852,2539,3954,6257,3599,1848,1257,1201,2233
BES,Bonaire Sint Eustatius and Saba,,0,0,5,4,1,4,8,72,132,13,28,215,154,855,1072,111,62,74,128,133,283,516,622,764,3740,3470,893,1969,1193,486,640,741,426,171,178,249,187,40,53,74,24,12,1,0,0,0,0,0
BIH,Bosnia and Herzegovina,,0,318,1484,1559,2008,7406,12830,12710,18319,56365,48118,21585,16311,40171,58973,20813,3978,1099,7716,11514,25389,32213,32805,28483,64493,70490,18954,4463,1755,1134,7653,15642,10203,2699,1337,891,961,688,756,663,326,122,23,15,79,175,172,158
BWA,Botswana,,0,0,22,22,102,646,1319,1855,3921,7194,6055,9122,14676,16020,16156,14072,18533,41476,76774,70284,47279,21637,13817,19033,55392,72050,48510,1161,770,16569,12231,1070,500,67,418,1678,1983,1209,235,71,100,215,213,103,60,99,104,29
BRA,Brazil,,0,3417,52982,445528,1129646,1697595,2003976,1727171,1260824,1182462,1817379,2282286,2441922,2957249,3367851,3018756,3240311,2791035,1683407,1547951,1218870,818551,516900,368279,2849982,6128425,3526426,1364898,797182,1479258,2373357,1538065,629957,305488,434366,1275274,1259551,543317,338019,363898,193270,26024,1763,1842,4479,2377,0,0
VGB,British Virgin Islands,,0,2,6,5,1,0,27,62,9,1,21,65,39,13,40,111,79,2100,1421,616,144,83,48,346,3033,1878,176,205,528,586,229,190,174,0,0,0,0,0,0,0,1,25,28,31,37,19,1,0
BRN,Brunei,,0,120,138,5,0,0,3,4,3,4,4,28,13,26,33,23,29,77,2290,3038,6176,8967,6056,1665,1065,43813,113619,52270,9559,14165,53067,48562,12473,16434,26088,24016,10730,5346,5889,8390,21701,16746,1329,739,1011,1748,2996,17396
BGR,Bulgaria,,0,346,1296,1838,2660,7601,8989,6654,20512,117428,122899,39666,38300,104218,137289,46690,11554,4203,28702,38615,64492,130200,168387,102376,225056,309095,139847,52081,19516,10821,39832,51282,31586,30080,21776,10072,6402,3426,3677,6656,6068,3676,1419,1283,2987,11382,12094,5797
BFA,Burkina Faso,,0,222,632,371,211,211,332,804,999,576,3775,6652,3942,1407,1082,452,99,90,245,315,558,951,1195,1937,4290,1115,130,74,34,145,229,0,503,152,0,375,34,31,9,0,0,0,0,0,0,11,47,28
BDI,Burundi,,0,0,15,58,143,262,188,79,94,163,195,906,1231,1039,1540,1603,1223,1648,6843,7682,8705,4710,1145,6834,16533,2602,707,935,3336,1520,3821,6295,2882,871,793,1534,2011,1266,112,70,43,402,385,23,128,0,16,87
KHM,Cambodia,,1,101,120,3,17,99,117,28,13,32,69,107,428,1799,9544,25579,27906,38679,31249,28119,27196,19018,5277,1357,944,9299,13688,3814,315,0,491,1195,856,280,138,499,447,92,26,14,41,160,95,9,1,3,13,67
CMR,Cameroon,,0,90,1619,5082,11010,8750,3969,2625,2189,3112,3897,4971,8378,22526,31619,17198,5912,2160,2743,3049,9849,18934,8746,2957,10014,7808,962,528,222,230,456,2774,2734,513,128,0,302,492,476,332,182,54,0,0,0,19,41,10
CAN,Canada,,9,4668,43826,67274,36361,18869,20196,31486,80608,180947,283432,321954,217198,158899,282826,328996,139135,36209,66472,88571,161106,174035,126807,234040,1188269,794845,325669,373752,301654,144344,172500,194840,146528,135786,132456,113633,109034,82587,65364,50534,28531,4633,0,4772,16997,30713,36196,29699
CPV,Cape Verde,,0,5,90,414,855,1716,2155,2866,4047,3787,2407,2679,3008,2638,6370,11437,6233,2538,2178,2586,3390,1688,488,760,17162,6032,176,109,318,3468,5063,687,152,56,580,629,98,34,28,222,633,417,204,147,241,119,18,0
CYM,Cayman Islands,,0,8,70,96,115,39,4,7,34,54,68,92,79,82,83,65,61,49,64,69,149,921,5799,5710,5917,8755,4672,2382,3356,4343,2784,2091,1126,626,385,376,113,0,0,0,0,0,0,0,0,0,0,0
CAF,Central African Republic,,0,13,30,1032,3866,3619,525,210,152,67,90,80,54,408,3235,3859,677,161,231,207,149,261,274,645,2062,1001,197,28,17,304,410,149,133,382,248,64,22,3,0,0,0,0,0,0,0,0,43,73
TCD,Chad,,0,5,46,760,543,78,134,235,400,372,443,1596,1463,1028,591,303,77,30,36,31,54,53,46,596,1372,1063,131,141,70,12,14,63,134,73,51,22,5,24,33,19,3,0,0,0,0,0,0,0
CHL,Chile,,0,1909,12851,87931,240547,215847,95980,84956,80108,69346,78417,153119,183676,221831,312328,301234,300666,187483,52074,42185,28476,49247,95707,92503,326385,1190213,1107984,376128,176029,371873,424579,411920,306370,190974,256187,219961,159594,98475,123420,84129,13757,2186,1185,2204,4232,13452,23793,17000
CHN,China,,77041,45090,3479,1088,760,2210,4829,1817,1157,2024,4129,6024,4268,1382,1383,8033,14550,5546,3674,3533,2811,2534,2709,4148,9910,167003,749218,413427,1934142,3275071,1733836,1247172,1625085,2099343,1566117,53312829,87572961,3829857,600553,88178,26066,34321,21255,13620,9365,9098,6149,3211
COL,Colombia,,0,723,4880,24215,74391,196906,449744,431121,348880,396210,446974,668724,489224,224677,470962,838361,1124120,1187688,429541,313546,119930,72276,91426,107272,747713,789853,139160,21378,16012,57709,147951,100747,27554,5399,6682,28007,32952,9493,4610,3856,4270,6731,6910,5278,3975,2523,2254,2254
COM,Comoros,,0,0,0,62,212,213,106,75,77,119,168,2090,2421,604,303,92,70,133,66,73,86,165,333,1288,3262,439,155,57,26,36,194,218,120,370,485,76,14,17,87,57,10,0,0,0,0,0,0,0
COG,Congo,,0,19,200,534,1042,2476,1757,1427,423,618,1010,2011,1219,1327,1499,1761,1253,1236,655,651,951,3969,3715,1936,4639,1540,215,50,24,76,662,430,110,160,68,12,7,13,73,93,21,4,0,0,0,13,14,0
COK,Cook Islands,,0,0,0,0,0,0,0,0,0,0,0,0,0,0,0,0,0,0,0,0,0,0,0,0,0,10,1395,4595,2465,501,325,471,260,3,0,236,610,184,18,30,70,76,14,8,6,16,16,35
CRI,Costa Rica,,0,263,685,464,2063,12441,31640,48735,56146,51040,48645,42329,26727,18740,30290,91558,95519,70629,75302,82517,104505,69914,22539,7207,114485,217925,112755,33201,47554,96460,124513,96599,60294,29921,18533,23271,33710,32362,32284,14008,4244,1030,75,21,0,0,0,0
CIV,Cote d'Ivoire,,0,178,1150,2171,7277,11937,5566,2864,1841,1177,1224,6539,9149,12901,10885,2050,1791,2078,6080,7610,8580,3508,919,2443,18727,4735,796,341,369,1029,2839,2564,1417,845,463,103,80,225,297,55,22,9,6,2,0,26,27,15
HRV,Croatia,,0,657,2004,712,448,2545,6189,10464,22220,103761,139608,59567,23270,30775,75252,65056,15778,5088,12046,15811,34222,83921,183027,195934,277639,295296,114098,54222,27678,17717,46136,52999,36019,26716,15199,13316,10649,3333,2225,3051,2780,1073,219,267,948,1613,9901,5570
CUB,Cuba,,0,119,1337,1405,576,305,1505,2524,2236,2225,3771,16320,34973,39573,45483,54515,64744,176284,402593,404845,398702,214157,47288,9109,76276,94070,34141,29012,8993,2020,2393,3972,2422,423,135,536,864,444,305,451,1226,1315,556,142,15,0,0,0
CUW,Curacao,,0,7,14,6,7,8,30,284,725,1514,3021,1170,303,2051,7271,1639,105,762,2770,2842,2347,1457,670,1188,19182,12879,2327,2646,2820,2110,936,615,294,149,169,218,143,52,20,11,14,5,66,0,0,0,0,0
CYP,Cyprus,,0,179,810,327,102,93,469,451,1937,8245,13521,16427,7467,12825,25295,21435,5451,24627,29861,24776,12374,6501,11666,24033,107904,124474,136887,138811,33999,21053,68927,45768,16930,19219,23454,25847,20561,14384,10554,6064,3950,0,0,0,0,0,2108,308
CZE,Czechia,,0,2683,7370,3377,3259,5663,11000,45120,223528,406678,262362,411864,410071,487580,303616,82926,22336,8824,9700,9741,14932,81835,434553,646176,731647,1215966,652883,315832,68494,20372,82598,130895,132618,141334,63836,35977,21374,24970,39220,19971,5778,1755,615,1205,6240,20192,35705,53526
COD,Democratic Republic of Congo,,0,65,442,2814,5835,4952,2012,1158,951,1845,5247,8310,6478,4331,3035,2978,9931,14926,10724,9989,5048,1304,1043,17384,23082,3833,1023,862,1953,3930,2044,835,361,300,1236,1666,800,493,311,398,1068,1188,288,834,1194,462,47,5
DNK,Denmark,,0,2201,8422,5637,2381,1550,3803,11647,21675,46272,96937,90979,30492,28363,35184,42333,34587,25240,44737,42888,33719,34312,111281,294918,1126389,1781569,1072674,255778,51946,39326,86836,79924,50517,52724,40834,43913,33482,8611,7096,7126,4012,1871,562,1042,2024,844,4883,7368
DJI,Djibouti,,0,15,1008,3007,3454,870,417,71,143,253,200,206,199,1308,4612,1805,265,79,114,153,665,1633,288,77,1926,1463,70,61,86,59,0,0,0,0,0,0,0,0,0,0,0,0,0,0,0,0,0,0
DMA,Dominica,,0,11,16,0,2,2,2,6,16,53,33,30,36,40,29,23,18,21,1441,1626,3075,2285,1756,1598,2775,3714,1805,785,2327,2359,214,0,0,908,0,0,0,0,0,0,17,117,171,69,30,24,11,3
DOM,Dominican Republic,,0,581,5924,14288,20737,41701,50612,32179,25242,24639,36295,58968,58365,29434,21284,33340,51471,39988,16567,14306,12783,27903,41448,26618,142744,122886,16184,3196,4675,22547,37961,20433,12714,5592,2800,10893,6226,1239,577,169,168,19,33,9,24,20,3,2
ECU,Ecuador,,0,1823,22706,31586,25503,37308,45697,42003,43163,44081,35788,48255,62250,65584,79811,79864,54441,49291,33073,28299,16241,11856,14239,22393,184655,268527,95978,29533,11932,32273,75220,75379,23748,9833,8233,31518,27602,9649,3087,3762,2808,683,75,22,21,907,2171,2574
EGY,Egypt,,1,576,4271,21510,54959,58971,17339,7422,6685,10796,22353,44329,33030,30258,35648,50982,43733,16814,4659,6048,16304,37608,44191,43938,53143,88782,67914,23592,1967,242,883,1126,289,58,54,102,160,203,216,200,81,0,0,0,0,0,0,0
SLV,El Salvador,,0,19,274,2277,4943,11287,16146,8437,6379,8335,9474,12595,11292,7529,7518,7755,7229,10550,13128,13215,15307,14366,10377,5483,13459,25552,25943,5725,1185,7557,26684,9848,10967,0,0,0,0,0,0,0,0,2,17,32,22,3,3,2
OWID_ENG,Equatorial Guinea,,0,13,285,1707,2787,2590,704,207,107,87,144,349,799,1300,1188,1310,1029,254,511,1091,2855,2879,793,223,2190,1013,156,111,17,85,796,386,128,203,137,8,5,41,17,0,0,0,0,0,0,0,0,0
GNQ,Eritrea,,0,6,39,5,152,222,86,90,131,163,506,1424,1291,882,661,614,2038,2034,362,245,118,176,564,930,1879,1397,93,19,28,51,263,327,52,25,12,0,0,0,0,0,0,0,0,0,0,0,0,0
EST,Estonia,,0,5955,6880,530,248,91,357,1121,1894,8415,19548,26189,32856,55922,39067,14841,5650,2375,10126,12156,18811,48523,46213,31234,104168,240707,166745,53289,12568,6188,9914,12493,8579,7740,4859,4115,3500,2289,2251,2466,1710,853,272,196,414,913,2553,3378
SWZ,Eswatini,,0,9,56,269,582,1809,3199,2291,1028,746,2376,8952,5822,1137,1267,1216,541,4051,22849,23072,14955,1582,255,17924,16155,1885,1112,987,2424,1982,400,145,89,184,334,403,171,146,180,347,285,184,0,105,114,138,177,25
ETH,Ethiopia,,0,16,122,994,5360,11314,42094,50447,35392,25501,23209,20724,30266,57341,85926,43945,13664,5641,28093,35853,57178,42223,17144,28688,91754,25286,3156,1487,2207,16487,13650,2836,1029,599,780,3057,4270,1299,793,681,183,67,30,48,69,28,40,25
FRO,Faeroe Islands,,0,156,185,3,0,27,226,157,77,25,76,129,12,6,5,51,103,229,155,85,127,1048,2194,2559,14280,26579,11063,0,0,0,0,0,0,0,0,0,0,0,0,0,0,0,0,0,0,0,0,0
FLK,Falkland Islands,,0,0,13,8,0,0,0,0,0,4,16,21,22,7,9,0,0,0,4,4,3,5,10,3,9,25,28,37,1534,1415,106,55,39,37,0,0,0,0,0,0,0,0,0,0,0,0,0,0
FJI,Fiji,,0,5,18,2,0,9,2,5,2,6,12,11,6,11,28,333,3452,22452,35515,30351,13776,3185,995,668,9806,6071,1095,505,449,764,2392,2000,439,58,130,432,267,118,63,23,4,115,18,0,0,7,7,0
FIN,Finland,,2,2682,5401,2396,565,444,1244,4275,8630,15636,17159,15345,23852,28539,17530,8198,6433,17388,30595,29400,25374,29981,48404,147180,350814,324549,334106,240343,98701,77565,101543,79033,59521,87112,84675,61550,11790,4603,6997,11596,8794,4038,1435,1666,3011,11692,11270,0
FRA,France,,16,4,0,8453,18116,21170,107261,337230,827564,1433238,694306,769633,865749,1030707,1378006,855869,323713,254472,851677,890803,630077,243873,533102,1887760,10455662,10334052,4123968,5106879,2495346,1588827,3925698,2135147,1025971,2078777,1783597,2171159,1028786,204278,235002,355054,243022,123574,19182,0,0,0,0,0
PYF,French Polynesia,,0,35,57,9,2,2,420,1510,5139,11342,6555,2442,1146,422,275,208,204,396,21152,23024,22483,1830,272,809,1932,20165,22537,3703,352,482,2334,2751,630,216,193,1146,253,86,196,371,284,83,21,10,15,28,61,557
GAB,Gabon,,0,7,177,2605,4548,3883,2563,805,318,376,475,1418,4870,6969,6916,3729,1552,734,655,819,3664,8887,5163,2676,9131,3595,436,38,59,222,800,492,99,277,201,20,8,1,0,11,0,0,0,0,0,3,56,34
GMB,Gambia,,0,3,10,16,25,251,2899,2237,464,102,108,308,855,1183,1065,391,140,1331,3370,2869,1167,119,49,157,1818,697,108,39,13,13,142,371,204,148,144,0,0,10,13,25,4,0,0,0,0,0,0,0
GEO,Georgia,,0,98,473,531,289,322,483,4029,26781,120574,163852,68385,31529,18277,30900,55207,41603,53661,165966,177356,158579,138378,204586,171513,273487,643133,331713,28883,5684,5208,29463,79383,86603,30328,9761,5783,7810,16461,15981,9620,6011,3669,3514,8998,6039,0,0,0
DEU,Germany,,30,63884,155737,54966,23646,21807,44285,70138,194048,732908,977272,874529,516762,498247,795204,665513,200169,57950,205804,271428,409587,529693,1504137,2219573,3411204,7286240,9315459,8375413,3467213,2453000,4038179,2950574,1710889,3131878,2349354,1380300,960836,607376,500904,143983,56405,24040,4641,0,0,0,0,0
GHA,Ghana,,0,141,1279,7202,13088,24162,19208,5222,2587,4664,5379,14396,27928,17549,5491,2534,2903,8200,21708,22423,18339,6517,2045,10687,25380,7299,3008,532,395,4478,5481,1365,737,2091,906,144,81,102,272,372,126,0,0,0,0,100,144,26
GIB,Gibraltar,,0,48,127,48,30,11,94,171,336,531,764,3026,1215,103,47,24,52,453,920,831,401,555,1549,2004,5244,5595,3023,2148,1117,1299,1096,253,93,52,98,154,176,81,63,88,0,0,0,0,0,0,0,0
GRC,Greece,,0,1332,2490,823,686,1237,6771,12252,20743,87369,78068,31846,48340,94244,132303,106413,56607,65487,140826,140398,128330,126697,248738,292526,925613,884114,883302,774903,267040,259523,682097,554853,259542,267535,285107,241002,208576,125608,77766,50523,49652,33172,16519,30520,53023,78520,67707,52405
GRL,Greenland,,0,10,11,2,2,0,1,0,3,2,9,11,1,1,0,9,19,49,277,277,385,409,635,1282,8886,7226,894,161,0,0,0,0,0,0,0,0,0,0,0,0,0,0,0,0,0,0,0,0
GRD,Grenada,,0,7,15,10,2,0,1,0,4,17,86,105,13,7,8,4,1,4,134,935,4594,3676,297,99,6333,6010,1148,738,3638,2787,751,729,714,188,80,56,36,0,0,13,10,0,0,0,0,0,0,0
GTM,Guatemala,,0,77,457,4470,14928,38007,46060,33513,27151,24254,24121,30019,31208,30113,42970,51197,55969,89424,146442,153693,159094,91748,38686,19614,63698,137962,117531,51987,24830,44264,168106,157230,65150,28872,24083,53706,57894,27533,13089,9582,5458,1453,13,17,10,1,1,2
GGY,Guernsey,,0,46,244,43,0,0,0,5,12,28,18,204,517,110,1,1,12,102,395,461,562,705,2057,4309,6052,4036,9091,9542,2600,1709,4005,2553,901,1441,1221,1328,1635,532,466,268,91,0,0,0,0,0,0,0
GIN,Guinea,,0,9,1094,3456,3249,2810,3110,2673,1947,2017,1260,1112,2050,4983,5128,2223,1059,1738,5266,5153,3395,606,284,449,5200,1720,189,152,262,526,556,216,439,392,177,89,54,55,133,283,101,0,0,0,0,5,9,0
GNB,Guinea-Bissau,,0,2,52,1217,972,586,307,272,158,37,33,191,784,854,414,86,105,426,1819,1850,1315,113,321,316,1138,1307,359,153,96,133,133,91,362,52,0,99,8,7,397,480,264,0,0,0,0,0,0,0
GUY,Guyana,,0,5,73,113,137,199,890,2171,2544,1952,1832,1689,2044,2120,3719,5766,5637,4391,4133,4761,7853,7925,4097,3113,20526,19627,2115,383,1211,3408,3946,2923,1228,250,204,562,1194,669,130,81,116,186,290,162,72,38,9,8
HTI,Haiti,,0,8,72,1553,5576,4336,1557,1085,689,404,719,2181,2290,834,462,2125,5391,4115,1430,1351,1360,2773,2354,1591,3579,3535,680,229,232,757,1330,1462,1058,121,71,80,200,194,59,26,36,64,38,20,35,132,102,25
HND,Honduras,,0,67,591,4494,14223,31588,31757,27205,28084,24582,19083,32402,42515,33084,32676,41903,40019,45596,62668,64550,57081,24502,8858,2792,13313,30919,21721,8234,3454,3000,14246,24145,11065,2123,1359,6423,9842,3772,1503,225,127,72,116,106,21,4,1,0
HKG,Hong Kong,,,,,,,,,,,,,,,,,,,,,,,,,,,,,,,,,,,,,,,,,,,,,,,,,
HUN,Hungary,,0,408,2493,2457,875,465,1440,19361,51355,173863,206444,87186,86362,257366,303501,83868,16201,3093,3269,4315,10223,48687,241478,345166,325436,496217,222512,90907,49770,21883,43995,103602,95429,82666,54186,32411,20770,6232,6014,4551,2952,1305,299,364,2007,5882,7541,12001
ISL,Iceland,,15,1147,1731,83,19,47,278,699,2370,1806,635,457,158,164,329,283,133,697,4019,4275,2824,2459,5534,9648,39638,74148,101670,46682,5193,8965,15706,8297,3394,1753,2001,2013,1335,704,512,171,89,115,107,206,297,286,291,237
IND,India,,7,972,26457,173787,465920,1138894,2693180,3839522,3751000,2339113,1680096,889154,646447,1145261,5749373,14535995,7936769,2562562,1857808,1882608,1718290,1036379,619048,431266,6402012,7388113,831315,94592,117772,287779,797794,785481,422382,156907,59549,16527,7817,6093,20784,254897,233128,24322,2800,2388,2545,3535,2436,9435
IDN,Indonesia,,0,1285,8872,22232,39978,67592,96354,149817,195603,200817,275649,460494,506608,338248,261532,249046,401620,1310467,1546628,1251544,541982,76847,28004,13594,84042,1273199,1482473,295425,21708,32020,146610,234999,177551,98130,205296,194832,30783,12082,12898,35654,55120,24426,2847,912,334,51,0,7497
IRN,Iran,,28,35408,83505,78921,113960,119414,116699,118394,178039,439546,521713,310913,342721,387553,695357,844140,517313,703535,1539662,1602458,1400618,640644,413467,202645,169659,826426,604952,131206,42638,11363,147771,274368,111728,19239,8169,2653,3941,5665,19868,35140,13601,2492,934,1054,3721,7398,5680,1749
IRQ,Iraq,,0,506,1709,4861,40583,96475,152252,198580,192434,148697,94760,45300,89910,199741,302099,275453,212674,321823,446606,429381,287265,106991,56975,30373,110286,203839,73137,16586,6056,12587,114110,74777,8868,2528,2823,3566,774,0,0,0,0,0,0,0,0,0,0,0
IRL,Ireland,,0,2121,18166,16787,2873,682,2990,7845,27036,32074,19560,118385,82367,31564,23574,20658,18573,26756,69335,75440,76541,76818,151695,229284,554477,371306,226723,194436,60463,55612,73434,36715,14209,13540,12754,14993,17153,7128,5347,5660,3613,2682,1644,3929,5324,4426,3526,2569
IMN,Isle of Man,,0,32,310,132,7,0,0,4,12,24,18,62,87,1119,908,18,17,2179,4888,4600,1940,2657,3058,3972,8808,3896,5969,8253,2797,1397,4445,1010,214,0,0,0,0,0,0,0,0,0,0,0,0,0,0,0
ISR,Israel,,10,3904,15234,6021,7153,43608,75491,146285,180391,44903,80478,284746,287722,145561,37883,3684,2106,20606,202725,263515,366184,158799,36591,31755,1431859,2115382,688124,384355,139348,204555,397607,184782,56616,40708,46993,67326,46987,27041,23676,16932,9389,5385,3846,4392,6980,5388,833,0
ITA,Italy,,79,92469,189468,80393,22267,11462,24026,58001,228172,1215038,1136293,715609,649959,887292,902755,458978,154368,82520,254407,281794,266531,165691,296853,820206,5615070,5451383,2761318,3088986,2135613,1417144,3368708,2430924,998041,1495306,1546371,1363491,710911,284017,182597,161067,140758,79115,31546,44420,140804,254245,243279,219215
JAM,Jamaica,,0,30,288,510,196,236,1258,4867,5706,3110,3212,3919,9362,20906,19564,6255,3376,2927,15105,19611,27869,13610,5217,2768,31917,26860,2847,1347,7321,11282,6038,5555,4588,1718,523,410,738,1369,909,370,311,426,837,754,404,224,78,45
JPN,Japan,,132,1668,12727,10103,2643,12241,45762,34907,25115,55741,110226,212231,146021,63624,126871,238201,155712,108044,633649,729835,663379,83319,16170,7589,940818,3189016,3077130,2266479,1772051,1153853,3501278,8534693,6973836,2390858,2931238,5591461,6349809,2889536,703215,397508,286724,24579,0,0,0,0,0,0
JEY,Jersey,,0,45,264,94,27,21,45,64,168,494,1999,1452,251,51,12,13,205,4517,4598,3135,1282,1417,3629,5980,14957,13495,13011,10262,2550,2984,6793,2858,1580,2440,2109,3262,2543,318,0,0,0,0,0,0,0,0,0,0
JOR,Jordan,,0,246,432,281,480,461,872,6815,48397,186711,181554,68399,80537,248278,279008,72744,30086,24603,37996,39690,42618,54317,106894,177714,191114,539746,378242,41068,1980,3143,17623,32834,26219,4741,0,0,0,0,0,0,0,0,0,0,0,0,0,0
KAZ,Kazakhstan,,0,284,2601,9961,23007,69026,73089,28353,13373,29337,41922,49056,53497,47385,91177,119488,78909,138998,336872,336714,254805,106600,71493,40936,249410,310502,35669,2338,817,834,44669,78767,26676,3391,2700,7020,7365,3914,3509,3073,1497,0,0,0,0,0,0,0
KEN,Kenya,,0,38,343,1697,5162,14043,24068,12034,13770,41447,34074,9149,7464,27640,47956,25301,19155,24420,46076,47257,37364,9837,3883,27545,65100,12109,1322,625,1155,8098,10862,2380,556,788,2967,2799,861,408,150,118,82,669,606,199,93,96,52,0
KIR,Kiribati,,0,0,0,0,0,0,0,0,0,0,0,0,0,0,0,0,0,0,0,0,0,0,0,0,364,2914,1522,91,29,147,221,194,0,0,0,0,1578,1583,6,11,15,56,45,3,3,0,0,0
OWID_KOS,Kosovo,,0,91,731,781,1677,5723,8500,5366,3730,22301,26980,13816,15280,25058,31315,9915,1380,506,33260,43383,50131,4171,721,474,40762,63739,11079,1374,639,584,24882,39606,11357,238,119,69,317,667,1039,513,141,41,12,57,193,259,61,0
KWT,Kuwait,,0,235,2831,25038,36768,32178,30166,32000,31964,31627,18244,18578,35990,57142,65976,61013,65847,75881,35259,25697,8653,1919,1218,2090,120390,187783,53873,8920,2994,10056,18803,9460,3612,3982,2060,559,288,438,1976,1400,404,123,56,118,263,280,138,74
KGZ,Kyrgyzstan,,0,0,0,0,0,0,0,0,0,0,0,0,0,0,0,0,6331,42505,34611,26266,8817,4101,3949,2624,11830,11940,1373,349,31,58,2759,4501,1412,532,281,102,38,87,206,148,48,25,34,43,62,57,26,8
LAO,Laos,,0,6,19,3,0,1,3,3,2,16,17,3,4,4,265,1800,808,2859,11922,12507,13428,22914,42978,59175,44204,23729,31555,61115,14500,1418,1045,3377,3920,1332,599,1365,817,157,46,54,188,334,420,236,102,54,22,12
LVA,Latvia,,0,347,810,414,176,131,220,386,3250,14305,28235,40564,36616,29240,24985,25490,13247,3669,4420,6359,15365,71946,81137,39607,127045,361653,340515,115775,17138,9082,33430,56096,50600,44456,23934,18077,6816,1295,1265,1344,810,383,180,174,490,743,1203,511
LBN,Lebanon,,1,412,676,572,910,2262,14107,29005,49979,73079,76375,153668,157222,140502,126404,45499,12022,13035,51801,56044,51637,28626,37207,65454,219309,295907,124871,19078,4562,10110,71398,83245,29487,6133,3747,2985,7118,7998,4905,3735,2196,1425,188,1352,1352,0,0,0
LSO,Lesotho,,0,0,0,2,27,442,882,816,792,309,614,6499,5288,1306,205,124,466,2041,2914,3914,6942,3832,320,6497,9145,1521,534,397,518,745,363,276,245,0,0,0,0,0,0,0,0,0,0,0,1346,1521,253,83
LBR,Liberia,,0,4,130,237,553,788,318,131,94,222,346,162,143,89,72,128,1664,3222,498,290,211,46,17,410,1425,309,53,41,35,48,60,379,321,55,49,41,19,30,13,0,0,0,0,0,0,0,0,0
LBY,Libya,,0,1,60,94,649,2186,11616,26750,37280,39587,30614,27770,28456,33222,37270,17927,12432,42651,102554,96070,71164,34168,25336,24397,42093,99286,55544,4625,182,219,2673,4457,1343,145,68,70,59,18,44,65,33,14,2,2,3,0,0,0
LIE,Liechtenstein,,0,64,82,2,0,4,23,30,305,1153,1268,990,245,142,303,266,65,64,228,281,348,187,1131,2281,3557,5131,6237,3973,668,567,1103,914,769,1319,744,552,234,80,99,16,9,7,2,2,15,28,43,39
LTU,Lithuania,,0,262,1245,725,346,254,1045,2300,7778,54987,109096,89138,35174,25392,39376,48260,21036,4516,18900,23249,39822,101479,118156,86303,202838,414136,312956,145329,24394,7970,26927,50580,52190,41419,17787,16417,15320,13148,15030,9930,4220,2316,956,1335,6023,14141,18984,14395
LUX,Luxembourg,,0,1836,2937,334,249,1513,2181,2194,6204,19043,20286,8817,7732,9737,10275,6322,2422,3635,3952,3807,3968,5631,10494,17683,75242,79615,50738,56828,26793,24363,41160,19477,8993,20785,16243,15209,9857,5970,10081,5382,1240,514,275,521,1331,2195,1960,2486
MAC,,,,,,,,,,,,,,,,,,,,,,,,,,,,,,,,,,,,,,,,,,,,,,,,,,
MDG,Madagascar,,0,42,124,652,1836,7840,10213,3335,1699,639,491,1478,2154,4225,15028,13203,3182,979,380,272,821,754,714,6607,13525,9558,2575,361,288,1145,1806,528,119,94,572,947,206,105,207,295,183,36,28,43,25,18,47,94
MWI,Malawi,,0,0,33,267,982,3148,3267,1142,276,204,395,17434,23494,6583,1613,524,1388,13682,21367,17760,5798,696,217,8867,22159,5601,813,336,262,537,1275,1100,392,161,117,151,285,370,152,21,20,65,163,123,125,149,135,41
MYS,Malaysia,,22,2304,5649,3232,2027,581,613,1699,16351,48080,64543,132713,164760,99492,79482,204677,293371,396623,869793,928274,935695,491944,284222,234870,174345,633417,1224647,808466,177916,97775,150972,181293,124390,93131,130749,99768,26104,12280,11484,26502,41173,40761,10863,7269,5671,6658,12947,72092
MDV,Maldives,,0,,187,1652,1489,1399,4936,5057,2921,2100,1658,2473,5684,6741,7080,38069,37512,8800,5720,6100,6006,4962,5916,6047,43007,71580,26766,6624,1288,2084,4470,1365,451,398,493,224,64,30,50,691,757,157,4,7,0,0,0,0
MLI,Mali,,0,17,370,1143,1366,867,466,630,639,1386,2898,2348,800,1613,5000,2560,332,244,385,421,516,1057,1850,3669,11504,5174,314,329,542,226,100,128,1365,526,61,30,15,226,316,79,26,7,1,2,6,6,4,3
MLT,Malta,,0,159,448,234,169,72,1349,2077,3503,6035,5183,6871,8059,10055,5530,906,193,3239,4837,3838,2201,882,1972,9333,26895,10110,8102,18914,8389,8156,16637,5267,1292,1078,902,775,1089,822,837,774,542,403,576,932,848,420,218,115
MRT,Mauritania,,0,5,7,476,4017,5204,1743,952,529,997,5702,5828,1758,964,883,1451,1968,3770,11568,11603,7862,2451,2728,2794,18351,10524,223,37,426,692,3247,1576,139,573,511,36,15,130,27,177,119,57,12,2,45,31,7,11
MUS,Mauritius,,0,102,331,16,9,7,4,23,79,108,72,45,71,286,567,217,634,2271,8065,9501,16713,30479,50450,39129,17769,72291,94979,41970,8886,7037,20084,22572,11176,5509,16944,23084,7144,2472,2130,4369,8224,5349,1254,1269,1006,441,3055,10762
MEX,Mexico,,1,2117,22713,112687,212969,299626,304314,254136,247500,315972,428848,625586,505215,269995,183192,124554,132706,346007,791142,799969,639494,278047,155751,129440,1385180,1448102,237655,49388,40714,231846,1021047,706015,153684,32805,28752,110114,202165,158021,132810,86788,49946,25377,21416,36554,51651,14707,772,545
MDA,Moldova,,0,231,3303,6538,11213,13317,17196,23091,31616,44090,59321,33790,35763,61417,54293,14219,3923,3149,9365,12083,27822,62516,56349,28832,68847,121411,45331,11593,3522,1950,12959,47906,47722,10540,2749,2377,3272,10538,18264,6447,1201,293,163,463,2811,4787,2798,2043
MCO,Monaco,,1,26,54,6,5,12,55,105,112,264,276,790,886,609,399,143,82,295,603,592,318,136,360,1317,4729,3646,1859,2205,1043,941,1626,838,366,523,630,889,304,111,78,108,69,63,38,61,117,159,154,61
MNG,Mongolia,,0,12,38,163,177,95,71,20,27,469,764,907,1510,5516,28003,42721,66046,91531,71991,86541,183107,324011,215008,70927,159121,202171,57928,7181,5069,6359,19009,47603,21708,3673,8491,21662,13790,132,35,94,1406,2814,495,49,123,213,109,159
MNE,Montenegro,,0,0,0,3,37,37,1968,6907,11263,12524,19061,29782,33576,25205,16536,5197,1835,1360,10397,13878,22132,22240,21458,14769,37736,16024,8876,3686,3367,3687,9828,21673,13795,5306,2385,1454,2150,3021,3225,2484,1371,220,0,0,0,0,0,0
MSR,Montserrat,,0,5,11,2,0,2,1,0,0,0,0,0,7,5,0,0,0,1,5,10,11,9,3,4,118,53,12,13,783,564,44,103,315,127,0,0,0,0,0,0,0,0,0,0,0,0,0,0
MAR,Morocco,,0,390,3895,6235,5967,11494,44514,83234,124301,199847,178377,73094,31773,19392,23063,17180,15596,53967,308127,325554,241279,43266,10847,8280,177760,163629,16882,3084,3770,37255,85655,23439,2371,924,3209,5279,2103,574,346,937,2000,1304,270,364,1342,1166,796,731
MOZ,Mozambique,,0,8,70,224,752,1205,2625,5516,7554,5742,4585,20893,37411,22899,7512,2146,4538,37678,57789,49633,18695,2200,557,13495,70330,15647,928,223,421,2108,3239,1425,523,304,254,471,1694,1929,515,203,47,0,0,221,234,17,57,63
MMR,Myanmar,,0,8,146,186,121,108,444,9631,42369,61913,61538,32930,11292,1081,688,984,10206,125208,200087,185895,128638,68240,42910,22797,8593,54136,72957,14303,974,503,649,1226,7204,14773,6709,1338,362,194,231,922,4570,4271,1394,408,163,127,69,56
NAM,Namibia,,0,11,16,7,120,1745,6580,8084,3975,2409,8712,17404,10588,8658,7746,9614,36579,58257,18021,12835,6170,2597,1031,17083,22750,4384,1240,1020,5492,6862,1039,432,230,3246,3240,333,560,743,349,102,88,584,688,32,118,134,71,88
NRU,Nauru,,0,0,0,0,0,0,0,0,0,0,0,0,0,0,0,0,0,0,0,0,0,0,0,0,0,0,0,3,0,2402,4404,275,201,0,11,11,67,626,705,37,0,0,0,0,0,0,0,0
NPL,Nepal,,5,0,46,1560,12662,15165,21760,50422,111832,124223,63728,22536,9363,4914,25398,277096,239012,92432,103773,102162,76515,35407,18680,12713,126219,144276,11927,1242,556,591,7334,16517,9448,1807,992,232,164,118,117,1799,1527,275,29,47,50,26,6,0
NLD,Netherlands,,0,12128,38130,19248,7328,5537,20006,57558,234093,338164,356059,354620,214116,251813,343618,290901,117363,184300,198872,146936,110035,171020,615765,864973,1750381,2968524,2496220,1267607,88163,104578,231081,136430,65050,116210,78783,41421,29696,19962,24123,9645,4007,1771,755,1070,2074,1925,3954,5819
NCL,New Caledonia,,0,15,18,1,3,2,2,4,1,5,9,11,18,72,57,7,5,3,7,7,6051,10011,2939,1411,6264,39989,34355,3588,1510,2630,7173,8226,3239,281,912,4712,1618,265,51,41,6,6,0,0,0,0,0,0
NZL,New Zealand,,0,476,1116,105,32,52,184,258,158,182,162,207,157,173,196,90,95,180,750,974,1304,2640,6772,6243,3424,84391,591698,647656,375566,321707,360741,297241,110020,110592,146901,175386,139016,101188,59893,74941,78512,72787,50413,26226,22631,19616,28919,34900
NIC,Nicaragua,,0,2,11,878,1998,1695,1248,799,589,404,310,283,275,261,274,467,827,1364,2048,2239,2867,3134,1591,484,232,369,495,336,202,197,230,210,238,176,140,179,306,172,83,40,41,160,222,82,59,35,23,18
NER,Niger,,0,20,684,427,253,154,76,37,38,284,1867,2300,953,389,336,338,159,160,301,307,292,420,865,778,1494,785,119,152,223,102,44,223,285,51,19,56,53,7,3,0,1,1,1,0,0,0,0,0
NGA,Nigeria,,0,97,1181,9537,19926,27744,21740,12058,7025,7227,19786,57800,56354,23247,6447,2549,2083,4139,22443,25723,26586,13101,6364,23387,35957,6726,1611,1048,422,1192,4625,4890,3301,1688,497,223,82,135,197,34,0,0,0,376,463,55,18,0
NIU,Niue,,0,0,0,0,0,0,0,0,0,0,0,0,0,0,0,0,0,0,0,0,0,0,0,0,0,0,5,8,2,1,38,36,22,8,30,250,554,134,0,0,60,73,2,37,62,0,8,48
MKD,North Macedonia,,0,285,1394,1457,4548,7056,6117,5732,12074,40755,41514,18884,16419,32360,43159,13275,1672,667,19821,24316,31842,19008,20108,17096,49322,62930,26258,9428,4055,3255,15560,23663,10663,2587,1490,1277,1341,913,1038,900,372,74,41,88,724,1256,576,226
OWID_CYN,Northern Cyprus,,,,,,,,,,,,,,,,,,,,,,,,,,,,,,,,,,,,,,,,,,,,,,,,,
OWID_NIR,Nothern Ireland,,,,,,,,,,,,,,,,,,,,,,,,,,,,,,,,,,,,,,,,,,,,,,,,,
NOR,Norway,,1,4529,7368,1921,751,584,1780,4100,6659,20372,22077,22021,15943,28921,35311,21176,13935,8867,24085,33053,45927,31174,67488,158260,447014,796204,502376,114375,16728,16435,18821,8837,4916,3791,5546,8254,6801,2601,2546,3574,2689,1383,832,1075,2391,1614,6002,9159
OMN,Oman,,0,152,1889,9877,33729,58842,30308,14550,25457,18450,11123,8059,10518,18797,42382,47361,59790,70673,18044,12155,5109,1245,577,704,30000,73469,38376,4514,943,1455,6805,4991,1193,615,592,367,190,74,0,0,0,0,0,0,0,0,0,0
PAK,Pakistan,,0,1235,11934,61762,172448,177904,49021,26094,29038,74090,127729,108270,79280,96696,201288,200271,99601,71364,177268,188890,173763,70978,26698,16841,121252,205171,68691,14248,3763,5526,22818,25806,13712,2970,2093,1330,828,885,2645,3149,563,0,0,0,0,0,0,0
PSE,Palestine,,0,97,323,358,1506,12152,21839,30198,28343,39727,78928,55514,41188,80679,98461,42040,12203,6178,21061,36740,79321,55974,16473,12952,52023,171991,81645,5935,1088,2660,32965,36654,5423,268,92,159,0,0,0,0,0,0,0,0,0,0,0,0
PAN,Panama,,0,786,5338,9557,21835,42530,47367,36871,32270,42903,88900,130474,66744,27530,18615,18756,32058,46865,41901,38161,25242,10808,8356,13194,205540,236917,41546,13944,80871,128164,66732,46071,26566,6179,13881,32527,13731,4026,3567,4496,4527,2861,1938,520,249,297,288,220
PNG,Papua New Guinea,,0,1,8,6,3,31,448,344,95,95,183,147,505,4454,9165,7308,4697,1246,678,801,1717,11401,11941,4237,1208,4883,5547,2146,922,870,127,126,181,553,935,1063,276,93,60,17,27,14,0,0,0,0,0,0
PRY,Paraguay,,0,56,223,831,1022,3134,13138,30718,37605,32161,37407,39773,43609,67814,97323,116042,121087,80325,22707,15421,5237,1767,2434,3855,101718,165476,45946,5692,2215,5814,55065,41333,5169,2149,1125,4113,14681,7059,1583,0,14,39,48,93,118,139,138,75
PER,Peru,,0,635,21639,142388,210517,188561,310315,330709,206268,114969,88043,144932,286892,339339,387361,319036,203797,124973,73099,62917,48817,40570,48150,67399,909705,1166092,213048,34839,27573,42097,306799,431967,188634,30901,68611,278827,130315,18951,8486,13174,13392,8058,5924,3478,4504,4193,6707,12210
PHL,Philippines,,3,1072,7288,12796,24192,56998,158977,174427,133279,90951,75050,77283,88660,184573,403092,358770,296004,279267,480973,573171,831985,559932,165188,35267,709213,695685,67437,16595,9208,14252,79246,155874,135349,95832,66592,50913,24837,8909,6182,14106,53939,61363,17428,8474,3895,8038,7978,11789
PCN,Pitcairn,,0,0,0,0,0,0,0,0,0,0,0,0,0,0,0,0,0,0,0,0,0,0,0,0,0,0,0,0,0,0,4,4,0,0,0,0,0,0,0,0,0,0,0,0,0,0,0,0
POL,Poland,,0,1638,11267,17216,18063,16636,28718,34813,171559,865596,720283,377739,321055,699654,962718,297751,46961,6925,7482,9129,19197,131558,585057,945304,1024359,1445686,777985,249578,28984,12675,59698,145124,179204,127810,36187,21723,20820,44014,105406,61245,12687,2993,749,858,3628,13196,35834,65665
PRT,Portugal,,1,5449,22320,17936,15021,15959,12214,21160,56512,190802,203475,354535,312638,71651,34453,26314,37730,105744,132685,119468,83648,38693,68449,184675,1510578,1700369,682501,509231,835178,985977,384935,159911,120602,81188,43177,30599,14968,10257,11302,10836,10985,10265,9117,16219,23849,13929,6335,4172
QAT,Qatar,,0,590,9346,52534,72332,41841,15279,12200,11101,10699,8890,10157,17525,23445,35021,27977,10987,6617,8915,9277,8759,4634,5620,7801,90893,89401,15993,6006,5464,14219,35903,38620,32788,33110,20601,16983,8433,3231,5317,12917,11007,5084,479,0,0,0,0,0
ROU,Romania,,0,1452,10620,13143,10891,23388,53754,60612,111929,313579,316761,175018,130962,188836,219727,74561,15330,3441,14675,23178,103062,522058,429332,100807,384293,884655,453136,122655,36376,16639,147031,281716,149140,46793,19171,16044,26268,28257,40116,41546,23306,10120,3828,8722,44304,68106,25300,6584
RUS,Russia,,2,1532,80942,390073,424749,344812,263164,263902,488372,970598,1275914,1196511,844125,552551,439793,422052,571029,1000104,1099494,1054466,973163,1373720,1795008,1596925,1720111,5640267,4952624,1195481,327976,191215,225132,943712,2080222,1357115,371432,300442,273269,426155,589466,428116,202885,74760,31831,22840,37695,102969,263734,434412
RWA,Rwanda,,0,58,183,239,597,1321,2544,2676,711,999,2604,8590,9329,5033,5109,3437,9432,37447,38575,34975,21084,7288,1726,4581,28218,9111,583,234,298,954,1910,747,163,82,166,335,279,151,91,0,0,0,0,0,0,0,14,14
SHN,Saint Helena,,0,0,0,0,0,0,0,0,0,0,0,0,0,0,0,0,0,0,0,0,0,0,0,0,0,0,0,0,0,0,0,28,1415,1957,193,121,0,0,0,0,0,0,0,0,0,0,0,0
KNA,Saint Kitts and Nevis,,0,2,15,3,0,2,0,2,2,3,11,10,7,4,3,24,383,485,499,649,1224,1229,418,128,2608,1470,79,29,155,364,619,216,66,19,10,13,32,25,5,1,4,7,5,0,0,0,0,0
LCA,Saint Lucia,,0,3,15,3,1,5,4,2,26,217,195,921,2961,2378,620,706,608,408,2489,3425,5340,3009,1002,587,7331,7995,1406,492,2528,3276,1513,1476,798,745,161,94,67,243,146,26,30,30,48,86,65,14,5,1
VCT,Saint Vincent and the Grenadines,,0,1,14,13,12,26,31,8,12,21,32,802,1352,551,172,237,306,203,96,119,1061,2495,1072,725,2181,1558,219,77,344,576,452,304,53,11,20,62,99,51,11,18,32,19,20,24,13,1,0,0
WSM,Samoa,,0,0,0,0,0,0,0,0,0,0,1,0,0,0,0,0,0,0,0,0,0,0,0,1,31,31,1254,7439,9715,4184,983,715,529,21,25,33,130,139,278,330,26,28,32,3,3,0,2,2
SMR,San Marino,,0,229,487,331,81,21,17,29,109,835,1180,1134,1040,1494,1145,128,9,28,227,248,231,170,510,2006,6345,4785,1580,1728,1420,1097,2602,1611,625,1104,1114,1323,809,292,331,469,402,118,47,90,228,256,595,422
STP,Sao Tome and Principe,,0,0,8,475,501,349,168,33,42,63,52,247,720,871,359,82,47,71,198,273,868,898,105,23,2150,1198,34,19,34,53,97,72,94,89,42,9,0,2,69,287,81,19,2,1,8,5,88,127
SAU,Saudi Arabia,,0,1203,16292,79351,141368,166104,84431,45528,24620,17967,11837,8064,13369,17833,31789,50648,56561,60387,43713,36602,14097,2659,2139,3516,129195,168449,44621,6213,14479,35881,32559,13319,4856,7581,7912,3272,1675,2038,4298,10232,5027,0,0,0,0,0,0,0
OWID_SCT,Scotland,,,,,,,,,,,,,,,,,,,,,,,,,,,,,,,,,,,,,,,,,,,,,,,,,
SEN,Senegal,,0,144,516,3245,4825,5303,5442,3866,1595,783,2830,9152,13255,9967,4450,1967,2186,14942,26972,22730,6830,477,146,418,10780,7042,682,237,152,263,1192,1571,799,580,350,81,17,17,45,64,21,6,12,13,8,5,6,23
SRB,Serbia,,0,659,7778,8001,3760,11522,13209,5449,7023,128350,262732,132460,98556,175265,195575,72570,16664,6351,38415,58458,180432,325911,248354,110356,376190,563496,210030,77167,28077,15900,98500,229194,187253,89408,44575,31600,39552,37838,39492,32696,17688,6928,1910,1378,4423,21080,27444,7268
SYC,Seychelles,,0,8,11,0,70,104,29,15,18,24,53,1039,2116,2550,2066,6925,7255,5818,3093,2905,2659,1513,1552,1942,13155,11084,2097,2760,2674,1589,1032,763,818,3205,2927,709,310,0,272,0,0,0,0,0,0,40,185,175
SLE,Sierra Leone,,0,0,86,842,1119,822,401,313,302,110,168,1088,1084,190,126,146,1238,2030,360,206,75,19,6,261,1193,260,47,12,5,11,51,28,14,5,8,3,0,0,2,2,0,0,0,4,4,0,0,13
SGP,Singapore,,89,762,12555,32067,20786,12361,10935,2756,983,339,465,1223,1029,601,973,1375,1185,1983,4612,5587,22128,126687,135417,59431,74968,425233,674182,349347,157919,190436,367694,307451,134767,238023,214192,72455,36134,18185,36687,133601,161012,108218,52101,39346,40075,92002,106798,233739
SXM,Sint Maarten (Dutch part),,0,3,73,28,1,17,366,442,272,342,500,621,520,207,146,230,344,250,947,1116,1287,541,187,247,4605,3431,284,350,492,443,307,208,90,75,84,57,56,28,15,7,0,21,0,0,0,0,0,0
SVK,Slovakia,,0,314,1376,779,207,651,1975,6482,39229,85882,92028,116929,99874,94584,56521,18628,6076,1912,2824,3980,15448,85083,242392,306994,225488,579232,570370,265314,38896,9178,26587,32653,18243,15329,8418,5138,3561,3068,3943,2192,1005,387,41,291,513,870,2610,4231
SVN,Slovenia,,0,757,1383,260,124,603,1034,3134,20922,67037,69755,70136,50598,39106,41556,26836,11029,3230,8837,12349,29834,60686,116791,99426,270303,399519,158022,100201,36182,19381,55606,72767,77575,90283,51464,62535,45000,13248,16067,10627,2080,847,190,234,749,2011,3380,4812
SLB,Solomon Islands,,0,0,0,0,0,0,0,0,4,16,4,0,1,2,2,0,0,0,0,0,0,0,0,2,1163,6912,7583,6156,6169,5103,0,0,0,0,67,48,0,0,0,0,0,0,0,0,0,4343,0,0
SOM,Somalia,,0,3,390,1895,1881,889,259,361,535,604,461,205,2265,5984,5418,2382,477,474,2215,2641,3925,3625,2116,839,2314,2052,343,85,64,318,392,281,196,30,61,33,32,14,12,0,0,0,0,0,0,0,0,0
ZAF,South Africa,,0,1187,4359,28939,122380,388227,358367,116310,77362,94243,259005,596271,298049,70766,54164,101543,319044,676614,577894,530134,372488,67652,47051,484186,472008,150479,90053,76517,220946,156547,27496,13941,10292,13467,20151,18495,12744,11290,15399,4309,0,0,0,0,0,48,88,33
KOR,South Korea,,556,9556,3594,956,1841,2374,6282,9013,4659,9155,29429,35745,20925,20951,26568,30197,27808,45531,80903,82574,91106,91972,111382,229975,322614,2467070,10957912,12262534,2661928,764461,1546772,4471973,4131000,1533912,1966727,2820816,2421119,978278,511845,536155,732918,740740,999493,1923646,1037654,0,0,0
SSD,South Sudan,,0,0,6,1143,1846,813,380,221,339,320,545,831,4288,5606,1756,316,187,229,526,600,817,792,637,2320,3897,756,364,427,240,201,132,26,335,533,103,39,0,0,0,0,0,0,0,0,0,328,366,61
ESP,Spain,,19,108857,218105,63157,23561,39336,226629,446120,596724,756551,487812,1074903,976375,308181,329844,309494,203812,654282,850081,707691,300430,90992,177682,1053803,4838145,3335189,985778,668483,718417,684640,746057,305352,118711,136142,144829,135155,89356,49506,48430,61905,76478,59262,11696,0,0,0,0,0
LKA,Sri Lanka,,5,110,455,1434,1190,947,395,516,4749,18732,27125,31367,34862,22740,15684,88321,127712,91183,156981,177835,183615,55151,36137,38393,37201,53370,42370,13020,1224,519,1789,5476,3945,626,769,523,235,99,63,124,350,319,54,25,18,19,39,73
SDN,Sudan,,0,5,213,4781,8150,5304,2939,1654,307,4125,10539,7858,2923,1947,3160,2638,1731,1295,749,696,686,2831,3999,5284,12641,12852,2637,490,269,462,599,425,183,202,295,132,77,107,163,140,71,0,0,0,0,0,0,0
SUR,Suriname,,0,8,10,2,381,1215,3119,2614,903,293,653,3025,2059,469,966,5040,9978,8680,5293,6065,13756,16135,6674,2059,21776,21278,3881,848,1175,1424,293,132,117,128,114,353,439,207,240,28,2,9,5,0,0,0,0,0
SWE,Sweden,,1,3663,18389,27947,39344,31467,11505,12768,28839,154885,261491,238785,165065,197814,255751,198551,72032,17376,31582,36940,44760,33848,44234,108228,909920,989732,150464,40562,14786,13112,30539,41674,38216,37768,25240,53117,47674,11098,5041,6422,7112,4694,2013,1663,3283,5539,15827,15447
CHE,Switzerland,,0,16170,28804,4826,1269,3478,9218,15945,76319,261174,207224,140177,73057,61120,86217,71874,28823,15826,70446,85562,109336,62745,153821,363793,1079226,1243291,1019585,668549,111619,105076,271478,190084,108928,179675,176410,122278,36134,6357,9535,9958,6319,3323,1244,2004,4791,8253,16363,17938
SYR,Syria,,0,5,42,97,209,502,2234,2913,2255,3042,4785,4957,3259,3948,6074,4322,2046,1226,1763,2596,6499,13788,11150,5152,2095,3898,3824,832,151,74,374,1021,793,206,72,55,10,0,0,0,0,0,0,0,0,0,0,0
TWN,Taiwan,,,,,,,,,,,,,,,,,,,,,,,,,,,,,,,,,,,,,,,,,,,,,,,,,
TJK,Tajikistan,,0,0,0,3807,5238,2697,2011,1860,1979,1938,2261,857,7,0,0,0,131,1290,2938,2786,1433,44,9,7,202,293,44,0,0,0,0,0,0,0,0,0,0,0,0,0,0,0,0,0,0,0,0,0
TZA,Tanzania,,0,14,300,477,0,0,0,0,0,0,0,0,0,0,0,0,0,858,24226,24284,3872,682,236,3098,6747,2225,379,146,985,1127,2706,2431,1245,1022,2158,932,553,379,242,151,80,0,0,0,0,37,74,106
THA,Thailand,,40,1359,2868,530,153,179,194,172,292,341,2304,14573,15653,5363,29090,121682,161072,319835,837720,877148,805133,529851,395929,241971,263888,600066,1032084,1139179,559163,189305,105313,101369,72743,24902,22197,26601,11495,3119,1396,3997,12991,17563,7423,2791,1840,1288,1982,3065
TLS,Timor,,0,1,24,22,0,0,3,2,2,1,11,39,64,411,1775,5851,5808,2608,6579,7490,7853,1275,149,34,108,2812,2418,101,70,66,71,189,214,83,67,83,45,15,7,9,25,26,4,2,0,0,0,0
TGO,Togo,,0,28,95,357,442,366,672,690,713,1011,1072,1820,2919,4391,5266,1500,675,1539,6805,7842,8435,2450,483,1878,10098,2883,354,156,122,328,895,829,771,659,137,30,17,26,85,79,31,14,10,8,7,13,3,0
TKL,Tokelau,,0,0,0,0,0,0,0,0,0,0,0,0,0,0,0,0,0,0,0,0,0,0,0,0,0,0,0,0,0,0,0,0,0,0,0,5,5,0,0,0,0,14,75,39,0,0,0,0
TON,Tonga,,0,0,0,0,0,0,0,0,0,0,0,0,0,0,0,0,0,0,0,0,0,1,1,0,0,354,5570,8551,3713,1536,645,2853,3628,0,29,230,523,217,35,2,3,3,2,2,6,39,61,12
TTO,Trinidad and Tobago,,0,74,115,7,8,30,1444,4060,3345,1565,1299,681,485,332,1758,14297,19055,11264,9597,9621,9853,10386,16745,30363,31504,30379,22663,13921,20520,16095,6857,10072,10021,3741,1413,1028,2057,2458,2827,1432,489,0,0,0,0,0,0,0
TUN,Tunisia,,0,278,938,391,138,356,2327,13500,45629,63721,60687,97075,75101,33527,61544,73077,83981,215507,169566,133249,94254,27562,7526,9541,181673,255829,93508,34365,5004,5991,85153,77040,10685,1328,1162,884,3133,3148,1237,1486,1228,484,0,0,0,0,0,0
TUR,Turkey,,0,7402,107773,110936,58768,55955,277173,403114,411326,532367,1048444,661092,376046,654329,1822186,1437645,388003,304784,853255,956624,1117798,1372141,1308218,1080611,2416253,4058664,2638916,690053,116635,80567,1210076,1500210,368453,124352,67180,15299,0,0,0,0,0,0,0,0,0,0,0,0
TKM,Turkmenistan,,0,0,0,0,0,0,0,0,0,0,0,0,0,0,0,0,0,0,0,0,0,0,0,0,0,0,0,0,0,0,0,0,0,0,0,0,0,0,0,0,0,0,0,0,0,0,0,0
TCA,Turks and Caicos Islands,,0,2,11,4,4,80,421,510,108,53,137,690,1134,671,204,68,22,42,207,246,316,227,206,224,2562,1975,110,74,200,216,143,125,52,57,66,48,76,72,28,4,30,20,39,35,7,22,31,38
TUV,Tuvalu,,0,0,0,0,0,0,0,0,0,0,0,0,0,0,0,0,0,0,0,0,0,0,0,0,0,0,0,0,3,3,5,12,12,3,2687,2616,0,0,0,0,0,164,2,0,0,0,0,0
UGA,Uganda,,0,27,51,362,796,509,1905,6247,7776,10346,19410,12044,2615,972,1238,5973,36703,38763,31976,30006,27370,4649,2787,8466,33739,8755,1430,614,480,2317,3087,1483,605,385,434,404,415,265,141,196,236,549,405,114,34,36,17,0
UKR,Ukraine,,0,515,8449,18801,25526,36268,63371,115814,199383,444673,549822,317206,232838,405433,622823,342377,111525,33777,43571,53637,135955,618414,877737,559858,501330,1131034,651645,123510,28210,11559,10502,36197,146828,216235,84852,35722,22724,34909,89142,110997,54011,16881,3202,0,0,0,0,0
ARE,United Arab Emirates,,13,461,9768,30160,29943,20294,14875,28318,50293,61369,59860,116906,160892,129667,100689,85326,90369,88911,66692,62843,43042,11558,4203,9168,98020,95880,34155,14415,13531,37011,74153,51986,27444,17398,13320,7459,3786,4268,6756,9214,7562,2793,0,0,0,0,0,0
GBR,United Kingdom,,35,23760,149325,168991,76736,37081,45630,132779,549140,1010444,1127112,1997072,1102464,393638,197976,118374,313102,1205947,1642946,1577888,1630386,1855030,2033642,3090498,6307859,3743779,2890232,2759433,679213,500394,933661,518805,243138,346810,247910,215340,214852,150384,200670,146288,73565,39810,22482,43033,75550,90196,51216,31549
USA,United States,,40,126289,922483,1263790,1221748,2258714,2714723,2100021,2301041,5529289,8970193,9850637,6391499,3211916,2960591,2066813,929711,1232982,4873068,5794740,7057889,4944386,3953627,5728964,24194546,19060333,3357590,1580857,3473037,4878734,5644341,5489830,3762370,2167614,1915526,2576897,2868924,2136154,1477770,848419,,,,,,,,
URY,Uruguay,,0,274,563,322,225,332,571,642,1106,3052,12478,31680,32203,48040,117608,144252,147434,71661,8629,6943,6018,7044,9073,11825,242482,398284,171505,46626,32768,55089,27851,13790,12002,7714,6312,20769,34663,8493,2894,2847,1832,296,236,313,947,1515,1121,515
UZB,Uzbekistan,,0,0,0,0,0,0,0,0,9,5,0,0,0,1123,7947,15221,14933,23031,39197,40517,34981,21354,14246,10046,27054,35675,8051,1536,937,1742,3859,2040,800,669,1905,4072,1511,1024,902,1135,1304,1017,1068,1331,1794,837,517,389
VUT,Vanuatu,,0,0,0,0,0,0,0,0,0,1,1,0,0,2,0,0,0,0,0,0,0,2,2,2,1,11,2528,6843,3525,3274,1087,192,219,82,5,32,3,0,0,2,2,3,0,0,0,0,0,0
VEN,Venezuela,,0,113,318,1199,4391,12118,35076,47107,37443,19828,17298,19061,22628,25674,48025,57686,61771,58530,48172,47776,49889,59885,48504,31425,41898,67000,27360,5852,2215,2914,10754,14250,6563,2209,2272,3797,3166,1241,710,416,297,0,0,0,0,0,0,0
VNM,Vietnam,,16,161,250,70,67,89,670,257,111,234,227,424,934,586,334,4472,12328,92382,404787,468462,541129,307747,370678,682989,850002,1421430,6669502,6128802,519015,67264,42867,647249,125203,64199,28813,18594,5950,1180,637,32829,81836,46116,4301,1650,1593,818,155,0
OWID_WLS,,,,,,,,,,,,,,,,,,,,,,,,,,,,,,,,,,,,,,,,,,,,,,,,,,
WLF,Wallis and Futuna,,0,0,0,0,0,0,0,0,1,3,3,2,5,371,439,12,0,0,0,0,0,0,0,0,0,0,0,1,1,0,307,305,0,2654,2654,0,12,0,0,0,81,123,0,0,0,0,0,0
YEM,Yemen,,0,0,1,309,1069,1196,561,233,77,23,26,37,165,1842,3661,1451,440,228,810,1079,1734,1421,636,253,935,1582,554,43,9,5,55,93,40,7,6,0,0,0,0,0,0,0,0,0,0,0,0,0
ZMB,Zambia,,0,28,84,1017,1293,3174,9768,6709,3408,2174,2763,35135,51635,26300,9306,4833,53974,91987,31104,22356,9167,1886,802,21712,93697,31035,9724,5240,4020,5212,6564,5733,2878,847,166,381,5997,8129,2471,775,242,3111,4229,728,0,10,14,3
ZWE,Zimbabwe,,0,7,32,157,530,2155,5424,3228,1432,1812,4465,22052,15559,2331,1804,1660,7604,58109,57514,42812,13615,6734,2189,70578,64413,13885,15365,8505,5134,7086,2280,760,863,1167,1299,1775,2946,3659,1455,298,441,647,,128,37,105,204,145
