,location,2020-12,2021-01,2021-02,2021-03,2021-04,2021-05,2021-06,2021-07,2021-08,2021-09,2021-10,2021-11,2021-12,2022-01,2022-02,2022-03,2022-04,2022-05,2022-06,2022-07,2022-08,2022-09,2022-10,2022-11,2022-12,2023-01,2023-02,2023-03,2023-04,2023-05,2023-06,2023-07,2023-08,2023-09,2023-10,2023-11,2023-12,iso_code
0,Afghanistan,0,0,8200,54000,240000,600152,886854,1171064,1979652,2369625,2369625,4018197,4674518,5125146,5535254,5751015,5986139,6118557,6445359,8040605,11562525,11881035,12055358,12275911,12449870,12684950,15093798,16499153,16902291,18434710,20393575,20729987,21120112,21716120,22085051,22606931,22606931,AFG
1,Albania,0,549,10135,138846,476903,776461,968034,1198933,1472316,1741373,1901824,2101039,2316606,2523683,2702638,2766890,2801345,2873654,2906126,2940709,2956198,2978248,2996383,3017443,3025728,3047340,3058102,3070468,3075848,3080679,3080679,3087677,3087677,3088966,3088966,3088966,3088966,ALB
2,Algeria,0,30,75000,75000,75000,75000,75000,75000,4146091,10049978,11179354,12293060,12545356,12974545,13631683,13704895,13772044,15205854,15205854,15205854,15205854,15267442,15267442,15267442,15267442,15267442,15267442,15267442,15267442,15267442,15267442,15267442,15267442,15267442,15267442,15267442,15267442,DZA
3,Andorra,0,576,2526,9288,28503,35916,68329,82349,95918,102032,104534,104534,117246,140193,151284,152187,152463,153072,153383,153531,154077,154216,154320,154367,156242,156766,156957,156957,157038,157059,157059,157059,157062,157072,157072,157072,157072,AND
4,Angola,0,0,0,130750,456349,909215,1488292,1592537,1841568,3134137,6164219,9026310,11615144,14588435,16259606,17535411,17896626,18956333,20397115,21323036,22226535,22297104,22990789,23335624,23701049,23893345,24502287,24867841,25316586,25552936,25962530,26521660,26953525,27309449,27639026,27722924,27722924,AGO
5,Anguilla,0,0,3929,5348,6898,14443,15789,18193,18458,18584,18705,19730,20284,21449,22165,22714,23126,23601,23926,24060,24102,24408,24434,24434,24441,24474,24489,24604,24604,24604,24604,24604,24604,24604,24604,24604,24604,AIA
6,Antigua and Barbuda,0,0,0,26836,29754,50329,63995,68850,75069,93318,106387,117637,121146,123555,124726,125605,125605,125877,126122,126122,128267,136512,136512,136512,136512,136512,136512,136512,136512,136512,136512,136512,136512,136512,136512,136512,136512,ATG
7,Argentina,43403,389946,1274995,4278846,8341744,13022011,21862314,33149392,44095489,53109748,61616594,70040101,78305396,88946635,94426258,97345660,99415820,103620075,106484143,108246645,109296898,109844557,110134064,110767407,112935968,114504882,115038979,115326501,115576258,115773472,115905192,116015761,116131155,116347753,116541045,116634595,116694921,ARG
8,Armenia,0,0,0,565,565,33529,74714,152529,275138,408535,831856,1236264,1626738,1883413,2042616,2107032,2149195,2150112,2150112,2150112,2150112,2150112,2150112,2150112,2150112,2150112,2150112,2153341,2154067,2156999,2158796,2158796,2158796,2163656,2256919,2256919,2256919,ARM
9,Aruba,0,0,0,25766,76865,114154,127256,138509,148225,156179,159406,161643,163759,166440,167820,169341,170323,171159,172014,172668,173120,173442,173754,173984,174138,174293,174407,174566,174666,174742,174776,174798,174810,174818,174830,174884,174898,ABW
10,Australia,0,0,34630,744330,2234844,4362739,7742536,12334071,19663122,28035888,35603091,39282954,42580539,49866290,54065507,56362692,57575626,59202011,60277104,62255266,63011373,63011373,63011373,63406631,63583562,63668170,63681652,65492360,65492360,65492360,65492360,65492360,65492360,65492360,65492360,65492360,65492360,AUS
11,Austria,0,265704,715245,1636696,3313413,5239573,7681377,9920906,10625859,11034119,11728922,13986115,16677400,17760687,18172954,18287092,18400191,18498269,18596713,18898299,19069081,19387051,19814255,20139505,20351827,20409648,20434553,20455410,20462394,20466154,20468731,20468731,20468731,20468731,20468731,20468731,20468731,AUT
12,Azerbaijan,0,0,65000,510420,1488218,2253216,3511219,4972362,6805740,8554628,9660868,10527605,11346166,12000767,12720225,13456322,13649741,13723446,13762091,13818005,13857111,13857111,13857111,13857111,13857111,13857111,13857111,13857111,13857111,13857111,13857111,13857111,13857111,13857111,13857111,13857111,13857111,AZE
13,Bahamas,0,0,0,7000,25692,55037,91067,106898,146738,184461,255085,280176,300214,318916,327515,335729,340866,340866,340866,349262,357101,362109,362968,364701,364701,364701,364701,364701,366083,366359,366359,366359,366359,366359,366359,366359,366359,BHS
14,Bahrain,58643,97776,97776,766317,1235170,1732728,2122296,2305354,2489109,2590143,2771330,2928259,3226201,3357017,3375361,3421273,3433683,3444799,3453636,3461096,3467355,3471077,3473779,3475851,3476633,3476633,3476633,3476633,3476633,3476633,3476633,3476633,3476633,3476633,3476633,3476633,3476633,BHR
15,Bangladesh,0,567,3110525,5370431,8625350,9991671,10103015,12849265,26471819,48225447,70510078,96434845,106575146,156416604,209937805,248319472,256921270,261364230,277499188,289872589,294984844,298387725,320611510,331485953,334842984,351955968,354933184,357477920,357989054,358475527,359638998,361483549,361646020,361673752,361674660,361674660,361674660,BGD
16,Barbados,0,0,38615,63728,74218,139354,166567,175943,204266,241915,275933,290345,299629,305374,309562,312253,313731,315225,316139,316976,317623,318281,380666,380898,380980,381013,381633,381690,381710,381715,381721,381721,381721,381743,381743,381743,381743,BRB
17,Belarus,0,0,20944,66618,328500,796834,1073282,2194993,2963378,3628321,4766181,6331049,7708200,10028295,10649534,11583004,12345274,13054679,13206203,13981294,14916985,15754625,16326173,16797551,17358735,19047714,19287182,19287182,21205264,21997703,21997703,21997703,22476401,22511000,22511000,22511000,22511000,BLR
18,Belgium,961,345138,878143,2005660,3988201,6915892,11099067,14721732,16328412,16875903,17649282,18962636,21732683,24221193,25071851,25296552,25345345,25426965,25698585,25753659,25813017,27645448,29328690,29529342,29592394,29620491,29628924,29633976,29636006,29637339,29638196,29638528,29638860,29706059,29706059,29706059,29706059,BEL
19,Belize,0,0,0,22067,42100,75243,106010,183581,237507,321277,384446,407766,424634,445691,458351,467251,472456,475163,489508,496096,498175,500424,501313,501737,501831,502020,502189,502310,510717,510717,510717,510717,510717,510717,510717,510717,510717,BLZ
20,Benin,0,0,0,0,0,12934,46108,57886,117984,174104,277614,827261,1773592,2138322,2788620,3060435,3333450,3619590,3681560,3681560,3685113,3690703,3693045,3694544,4232541,4232541,4232541,4232541,4232541,4232541,4232541,4232541,4232541,4232541,4232541,4232541,4232541,BEN
21,Bermuda,0,4897,20705,37788,55904,71114,80722,82870,84748,86676,92770,101341,112695,120535,124342,127090,131441,131612,131612,132042,132042,132042,132042,132042,132042,132042,132042,132042,132042,132042,132042,132042,132042,132042,132042,132042,132042,BMU
22,Bhutan,0,0,0,394765,480422,482716,484751,963360,1045074,1081086,1148146,1153555,1154843,1435774,1592652,1798216,1906606,1908742,1910077,1917605,1927415,1975592,2011426,2011426,2011426,2011426,2011426,2011426,2011426,2011426,2011426,2011426,2011426,2011426,2011426,2011426,2011426,BTN
23,Bolivia,0,0,29813,304185,842642,1681883,2590835,4505459,6001157,6800922,7818347,8609838,9792844,11860582,12589125,13125458,13452338,13709523,13983419,14298984,14543499,14671344,14690530,14690530,14690530,14690530,14690530,14690530,14690530,14690530,14690530,14690530,14690530,14690530,14690530,14690530,14690530,BOL
24,Bonaire Sint Eustatius and Saba,0,0,0,0,7391,7391,7391,7391,7391,35845,35845,35845,35845,35845,35845,35845,35845,35845,35845,35845,35845,35845,35845,35845,35845,35845,35845,35845,35845,35845,35845,35845,35845,35845,35845,35845,35845,BES
25,Bosnia and Herzegovina,0,0,0,0,80988,236472,457491,623838,928126,1242203,1479596,1553874,1553874,1924950,1924950,1924950,1924950,1924950,1924950,1924950,1924950,1924950,1924950,1924950,1924950,1924950,1924950,1924950,1924950,1924950,1924950,1924950,1924950,1924950,1924950,1924950,1924950,BIH
26,Botswana,0,0,0,0,49882,146725,250345,365137,434644,629604,943915,1128095,1128095,1128095,1422523,1445394,1445394,2330589,2730607,2862659,2871301,2891400,2891400,3099433,3121142,3121142,3171667,3171667,3171667,3171667,3171667,3171667,3171667,3171667,3171667,3171667,3171667,BWA
27,Brazil,0,2084119,8465403,22839287,47399150,68665647,101167462,142301917,194176380,239190412,279666131,309486607,331273910,362503209,392763634,415350921,429202399,441054017,454854179,465319009,470327404,472972308,473103001,476264691,480333910,483587737,485188835,486436436,486436436,486436436,486436436,486436436,486436436,486436436,486436436,486436436,486436436,BRA
28,British Virgin Islands,0,0,0,0,0,16302,21403,27883,29828,32398,33872,34909,35799,36330,36610,40537,40833,40969,41198,41346,41346,41453,41453,41453,41453,41453,41453,41453,41453,41453,41453,41453,41453,41453,41453,41453,41453,VGB
29,Brunei,0,0,0,0,14876,52775,84458,163999,327825,493587,607436,751178,898401,979285,1041610,1073496,1084543,1173118,1190890,1190890,1263938,1273212,1280291,1283392,1283392,1288317,1289509,1291259,1291978,1291978,1293100,1293100,1293100,1293100,1293100,1293100,1293100,BRN
30,Bulgaria,4608,41125,212445,472443,815463,1365923,1761277,2028136,2312605,2539650,2860195,3330515,3700660,4165478,4300503,4352008,4382663,4399112,4411377,4474228,4523960,4549869,4578980,4596687,4603029,4606990,4608622,4610701,4612201,4612830,4613155,4613337,4613587,4617391,4697936,4720898,4724199,BGR
31,Burkina Faso,0,0,0,0,0,0,25833,33960,108799,254545,622350,661796,1053330,1259250,2320456,2369487,2440917,2938655,2947625,3134621,3740943,3740943,4070678,5117982,5117982,5117982,5856003,6674010,6674010,6674010,6674010,7893609,7893609,7893609,7893609,7893609,7893609,BFA
32,Burundi,0,0,0,0,0,0,0,0,0,0,615,2370,7543,8400,9648,9648,11083,15311,17139,18568,20356,21467,25983,28800,30480,32265,35060,35772,37126,39182,40041,40967,41426,41426,41426,41538,41538,BDI
33,Cambodia,0,0,69777,645765,2284788,4613562,7251656,12088317,19085923,24272621,27582895,28716448,30456720,33144777,35421650,36946686,38329326,39658990,40352987,40352987,40352987,40352987,44617534,44909637,45217130,45612652,46203724,46808756,46895957,47030856,47096851,47380134,47477240,47601597,47682119,47723729,47795644,KHM
34,Cameroon,0,0,0,0,11000,75215,110324,331875,428255,469341,503363,953375,1020007,1024333,1267525,1558668,1828882,1836573,1838907,1854436,1854436,1893318,1924807,3563644,4003595,4251876,4274312,4278883,4716187,4735141,4784894,4792066,4797450,4842306,4880572,4880572,4880572,CMR
35,Canada,96170,973390,1919773,5778911,13547975,24063314,37655078,49515689,53576522,56373296,58751900,60772951,68836546,78058871,81240344,82200646,84066328,85472419,86285286,87608200,88779159,90181416,92713021,95083208,96303716,96937360,96956502,96956502,96956502,96956502,96956502,96956502,96956502,96956502,96956502,96956502,96956502,CAN
36,Cape Verde,0,0,0,2184,2184,24382,82451,159446,309001,420246,511628,544075,571130,611615,704843,728077,747122,762486,773810,823283,847122,859940,859940,859940,859940,859940,859940,859940,859940,859940,859940,859940,859940,859940,859940,859940,859940,CPV
37,Cayman Islands,0,0,21106,49561,65694,80120,93525,97707,101008,106655,113448,123877,130608,137430,138942,141118,142710,144209,145906,147390,148160,148160,149153,149370,150126,150816,150816,151661,151822,151822,151970,151970,151970,151970,151970,151970,151970,CYM
38,Central African Republic,0,0,0,0,0,18408,78685,93790,108895,207004,385557,422496,436772,652134,855735,1012846,1037580,1185512,1217399,1392969,1435565,1714941,1754834,1938075,2354281,2535002,2535002,2689234,2893159,2914105,3109186,3182417,3182417,3342248,3342248,3342248,3342248,CAF
39,Chad,0,0,0,0,0,0,9799,29980,55598,154042,226843,258618,285922,392157,403992,1640446,2347168,2352921,2356138,2356138,3876928,3876928,3879297,3887776,3891785,6347672,6379628,6393769,8543941,8547802,8549887,8559891,8562003,8562003,8562003,8562003,8562003,TCD
40,Chile,0,67451,3373164,10502321,14940220,18783901,23097345,25901746,29063307,32431464,36948136,41067929,44314172,46712392,48750980,50804747,52785078,56780691,59453650,61072832,61956723,62390254,62501960,62579286,62623838,62676859,62688847,62688847,62688847,62688847,62688847,62688847,62688847,62688847,62688847,62688847,62688847,CHL
41,China,4500000,24000000,52520000,119821000,265064000,661468000,1244675000,1652819000,2067589000,2211452000,2274072000,2507975000,2835332000,3000532000,3129845000,3270874000,3344528000,3381314000,3402622000,3423669000,3432778000,3436911000,3439802000,3443749000,3478094000,3489746000,3491077000,3491077000,3491077000,3491077000,3491077000,3491077000,3491077000,3491077000,3491077000,3491077000,3491077000,CHN
42,Colombia,0,0,130578,2243392,4986471,10092122,18281743,27524377,35546165,40404815,47404063,57521265,64690489,71927908,76733198,80853452,82443202,83585958,85767160,87079477,87566541,87566541,89209704,89627825,89787647,90210929,90210929,90285644,90506612,90506612,90506612,90506612,90506612,90506612,90506612,90506612,90506612,COL
43,Comoros,0,0,0,0,13440,83907,84360,125960,277419,352635,407792,523256,581547,598000,637961,637961,642320,642320,642320,804403,804403,804403,835021,835021,835021,835021,835021,835021,835021,835021,835021,835021,835021,835021,835021,835021,835021,COM
44,Congo,0,0,0,0,14297,38268,116110,198698,290287,346613,410016,625579,758891,758891,812761,818931,818931,830379,831318,833210,833210,833210,833210,833210,833210,833210,833210,833210,833210,833210,833210,833210,833210,833210,833210,833210,833210,COG
45,Cook Islands,0,0,0,0,0,4363,18942,20509,22444,22444,23489,24326,25339,25601,27441,29565,39596,39596,39780,39780,39780,39780,39998,40744,40781,40781,40854,40854,40854,40854,40854,40854,40854,40854,40854,40854,40854,COK
46,Costa Rica,0,48128,101183,384355,818884,1457802,2440385,3424278,4278505,5596495,6124445,7137983,7756348,8315360,9349535,10166273,10617173,11017624,11017624,11504591,11703991,11913344,12169521,12320607,12606343,12778229,12778229,13036737,13148135,13148135,13371989,13371989,13371989,13371989,13576935,13576935,13576935,CRI
47,Cote d'Ivoire,0,0,0,40153,149037,541449,757113,1008244,1353553,2137947,3232947,3845788,7113233,7591109,9558981,10364488,11982186,12753769,12753769,14445720,18035554,18547812,20588390,21695732,23755644,24416782,25263932,25263932,25263932,25263932,25263932,25263932,25263932,25263932,25263932,25263932,25263932,CIV
48,Croatia,7864,80000,194267,476499,901120,1773289,2573481,3078364,3264851,3436799,3616491,4154022,4729751,5100960,5195726,5224151,5243825,5253224,5258460,5264595,5271913,5300573,5329152,5346265,5354058,5359078,5360332,5361133,5361617,5361961,5362053,5362142,5362233,5362292,5370391,5374628,5374628,HRV
49,Cuba,0,0,0,0,0,2037745,6132569,9894050,14115595,21292523,25800950,28485574,30874045,34298831,35001661,35363914,35726905,37154750,38670436,39339120,41215831,42063368,42362502,42536821,42712334,43389857,43666601,43862866,44089196,44810809,45332327,45398208,45609830,45622024,45622024,45622024,45622024,CUB
50,Curacao,0,0,0,20485,95693,153779,167493,175129,182637,187252,193184,197871,217092,240373,244542,246688,250781,253138,254188,254848,255480,255764,255936,256029,256029,256029,256029,256029,256029,260324,260324,260324,260324,260324,260324,260324,260324,CUW
51,Cyprus,0,25519,76176,129438,236265,595906,809234,980404,1094400,1161031,1215697,1310756,1541159,1693504,1773485,1773485,1781639,1784616,1788761,1791383,1792897,1794533,1794533,1794533,1797542,1797542,1798610,1798610,1798610,1798610,1798610,1798610,1798610,1798610,1798610,1798610,1798610,CYP
52,Czechia,11881,281154,669784,1739183,3207118,5386851,8313095,10409163,11523876,11850020,12294925,13551080,15491893,17057995,17391664,17499199,17572913,17631829,17668472,17755883,17902286,18078098,18364271,18544790,18589142,18610179,18617901,18622361,18624159,18625092,18625610,18625785,18626126,18626680,18626680,18626680,18626680,CZE
53,Democratic Republic of Congo,0,0,0,0,1700,23197,59443,81384,97818,136094,148684,193416,333589,468253,850731,850731,881240,2431360,3514480,3745679,4605734,5286630,6134888,6134888,9988117,9988117,12474117,14890566,16398195,16398195,18808671,18808671,18808671,18808671,18808671,18808671,18808671,COD
54,Denmark,0,219642,518288,916397,1850644,3175356,4837495,7150426,8288856,8577133,8898506,9482646,11897166,12808061,12924613,12963309,12989174,13008434,13026015,13045343,13057657,13193919,14580057,14886331,14948665,14966869,14971411,14972783,14973302,14973605,14973761,14973816,14973900,14973928,14973928,14973928,14973928,DNK
55,Djibouti,0,0,0,0,13042,14943,26796,26796,58245,64721,64721,64721,64721,150755,160742,165554,176908,191649,222387,231653,246459,260427,281656,319920,338051,338051,386619,389670,392703,392703,392703,392703,392703,392703,442199,442199,442199,DJI
56,Dominica,0,0,5924,17674,27821,37080,39309,40553,42529,44624,52549,55524,57044,60254,61649,65980,66434,66709,66992,66992,67431,67639,67647,67647,67647,67647,67647,67647,67647,67647,67647,67647,67647,67647,67647,67647,67647,DMA
57,Dominican Republic,0,0,26400,910869,1970018,4311374,7842179,10140333,11152044,11919643,13277959,13816937,14086551,14773753,15252198,15499959,15595994,15668093,15777351,15869795,15966697,16035018,16089476,16134119,16171774,16211082,16236175,16269696,16291358,16306266,16319929,16346800,16372473,16381373,16381373,16418334,16430339,DOM
58,Ecuador,0,7133,76547,468665,1502538,2896575,4821053,12477610,19456354,20896804,22597171,25200571,27566331,30028057,31989116,33311915,34491005,35238813,35862320,36712947,37260948,37260948,37260948,38807593,39296436,39424111,39495110,39564195,39564195,39564195,39564195,39564195,39564195,39564195,39564195,39564195,39564195,ECU
59,Egypt,0,1315,1315,164534,660000,2586274,4282641,5337506,8741005,16959764,27818424,40644158,52819190,65052928,70684545,77978885,82017392,85265369,91447330,95223214,97563259,98911424,100303642,100740657,100993230,102088497,105493060,110505666,112284725,112673535,112673535,112673535,112673535,112673535,112673535,112673535,112673535,EGY
60,El Salvador,0,0,16000,99855,915725,1925770,2674605,4309189,6298361,7584818,8516654,9179875,9620698,9978576,10234262,10418549,10680432,10819940,10958940,11127982,11127982,11127982,11289175,11289175,11289175,11289175,11289175,11289175,11289175,11289175,11289175,11289175,11289175,11289175,11289175,11289175,11289175,SLV
61,England,0,8543262,17812739,29973324,41277728,54883579,65394783,71308628,76212080,79472006,87035599,97296577,111916669,115860495,117261409,119316478,122592690,124533195,125525209,126342646,126793169,131176020,139927267,143539236,144310027,144630048,144776220,144792820,146554720,148697478,149394829,149398324,149398324,149398324,149398324,149398324,149398324,OWID_ENG
62,Equatorial Guinea,0,0,0,12155,75518,224503,265110,306265,345719,397083,431640,445684,452666,455655,463549,473409,476752,479991,484554,488738,488738,488738,488738,488738,488738,488738,488738,488738,488738,488738,488738,488738,488738,488738,488738,488738,488738,GNQ
63,Estonia,2475,38531,112685,266716,459049,706207,955398,1133199,1272754,1370764,1477137,1659584,1808856,1920099,1954081,1972588,1982833,1990031,1994144,2002874,2028312,2053344,2076218,2093678,2101405,2107509,2109687,2111106,2111854,2112311,2112525,2112651,2113005,2114286,2129735,2157131,2167639,EST
64,Eswatini,0,0,0,0,34897,35227,47623,65667,181290,248985,274379,306445,399616,462652,490899,509424,535393,535393,535393,684885,764657,773579,773579,773579,773579,820794,834268,843246,852602,867487,870205,870205,870205,870205,870205,870205,870205,SWZ
65,Ethiopia,0,0,0,0,1114500,1813739,2019163,2217097,2451950,3704307,4774947,9310295,10916152,10975026,24278976,27259495,27332766,29373478,49687694,52509414,52509414,52509414,52509414,52509414,52509414,53514115,53514115,53805400,53805400,68856793,68856793,68856793,68856793,68856793,68856793,68856793,68856793,ETH
66,Faeroe Islands,0,3994,6713,10770,20238,32593,47304,63660,71169,74291,77555,78347,96235,103223,103894,103894,103894,103894,103894,103894,103894,103894,103894,103894,103894,103894,103894,103894,103894,103894,103894,103894,103894,103894,103894,103894,103894,FRO
67,Falkland Islands,0,0,1732,2187,4407,4407,4407,4407,4407,4407,4407,4407,4407,4407,4407,4407,4407,4407,4407,4407,4407,4407,4407,4407,4407,4407,4407,4407,4407,4407,4407,4407,4407,4407,4407,4407,4407,FLK
68,Fiji,0,0,0,0,56000,109927,322299,538439,825552,1017195,1166051,1237108,1267045,1279166,1287727,1308235,1438393,1469149,1482009,1495983,1536409,1541594,1545265,1548432,1551184,1552330,1553053,1554370,1555176,1555182,1555182,1555182,1555182,1555182,1555182,1555182,1555182,FJI
69,Finland,0,176836,476479,952777,1717301,2964331,4217126,5399940,6802646,7549717,8212502,8602876,9616819,11008185,11443055,11679339,11746976,12044032,12168388,12203932,12659151,12828674,12889120,13072863,13149072,13173313,13196843,13208185,13209567,13214538,13215111,13215583,13215666,13215666,13215666,13215666,13215666,FIN
70,France,2625,1735660,4816197,11805333,22621234,37550301,55316784,74790548,88756478,95754584,100013394,106596349,124246736,137263399,141498380,142583021,143758435,144806876,146207975,148659924,149486288,150124638,151004777,151878365,153458028,154165142,154335793,154409111,154445339,154467854,154489830,154493266,154493266,154493266,154493266,154493266,154493266,FRA
71,French Polynesia,0,0,8045,30080,62185,95556,132540,154037,235114,290776,303630,318790,329095,342983,363898,367057,451708,453259,453259,453259,465418,465418,495746,497169,497169,502352,502352,502352,502352,502952,502952,502952,502952,502952,502952,502952,502952,PYF
72,Gabon,0,0,0,301,10678,22524,56768,87181,130798,180320,223308,277979,392898,499247,545642,550042,556657,558456,567575,568751,569829,569829,569829,572672,572672,572672,572672,572672,572672,572672,572672,572672,572672,572672,572672,572672,572672,GAB
73,Gambia,0,0,0,5345,20922,29148,42975,43557,197277,208379,265620,268008,294698,349875,362079,362079,362079,720000,812811,812811,815861,815861,815861,815861,815861,1444492,1444492,1444492,1444492,1444492,1444492,1444492,1444492,1444492,1444492,1444492,1444492,GMB
74,Georgia,0,0,0,7822,45338,138914,261652,481591,1210746,1774769,1920934,2183335,2512858,2722187,2820546,2861255,2882075,2893850,2902085,2913546,2921949,2921949,2930677,2930677,2930677,2930677,2930677,2930677,2930677,2930677,2930677,2930677,2930677,2930677,2930677,2930677,2930677,GEO
75,Germany,206927,2547255,6346902,14225083,29999514,51421898,76759847,94312436,103827960,109890973,114157653,126945496,153966358,169137403,174300293,178283670,180589838,182019562,183007531,184074128,184849265,185932640,188411647,190644801,191587054,191969425,192116766,192209132,192221468,192221468,192221468,192221468,192221468,192221468,192221468,192221468,192221468,DEU
76,Ghana,0,0,0,500000,846588,1228216,1232876,1271393,1271393,1623582,2979766,3493688,7755231,10015888,12637542,13047826,13047826,16203630,16203630,18396070,18986179,19340804,20359448,20869800,21400939,22384226,22384226,22384226,22384226,22384226,22384226,25624828,25624828,25624828,25624828,25624828,25624828,GHA
77,Gibraltar,0,13286,36808,60265,71114,77519,78089,78459,78854,79569,89068,98034,108323,111101,113009,117937,119855,119855,119855,119855,119855,119855,119855,119855,132810,132810,132810,132810,132810,132810,132810,132810,132810,132810,132810,132810,132810,GIB
78,Greece,2339,271287,885821,1699807,3097693,5597624,8391535,10536457,11408609,12162958,12892763,14516080,17469497,19361091,20147246,20536009,20869413,21017697,21097421,21247055,21332343,21422686,21660301,21892721,22017133,22093887,22109677,22118472,22121364,22123886,22125336,22126356,22127142,22128233,22154280,22235174,22298982,GRC
79,Greenland,0,2584,2584,5130,14139,22376,39270,62050,72589,72589,77164,77655,78500,79539,79703,79738,79738,79738,79738,79738,79738,79738,79738,79738,79738,79738,79738,79738,79738,79738,79738,79738,79738,79738,79738,79738,79738,GRL
80,Grenada,0,0,3000,10084,15397,25544,31494,37689,42484,55663,69622,74708,78476,84131,85891,87229,87824,88604,89080,89532,89897,90251,90251,90507,90507,90507,90507,90686,90686,90686,90686,90686,90686,90686,90686,90686,90686,GRD
81,Guatemala,0,0,2224,108165,170833,514240,948878,2160074,4607145,6977782,8596046,10070646,11310579,13451175,14535479,16120084,16924763,17435586,17921400,18432577,19281914,19670066,19853919,19926742,19955569,20102040,20213798,20315679,20346236,20362104,20362104,20362104,20362104,20362104,20362104,20362104,20362104,GTM
82,Guernsey,0,6673,20047,29383,46587,63791,81164,92775,99443,101986,103064,104131,106109,145743,148014,150724,152463,155684,157161,157708,157708,157708,157708,176358,178525,178525,178525,178525,178525,178525,178525,178525,178525,178525,178525,178525,178525,GGY
83,Guinea,0,0,0,62645,143534,352700,572855,899257,1223951,1806301,2247181,2459403,2952253,4749322,5497389,5952680,6111743,6127699,6127699,6299160,6668256,7472471,7626551,8349923,8749048,8749048,10624849,10642438,10645240,10645240,10645240,10645240,10645240,12049511,12049511,12049511,12049511,GIN
84,Guinea-Bissau,0,0,0,0,0,5889,22883,25225,31090,94715,139369,368395,413938,423400,556675,562296,562620,562620,572954,573125,592609,592609,592609,592609,592609,592609,593453,594450,810299,824250,825234,825234,825234,825234,920752,920752,920752,GNB
85,Guyana,0,0,1852,32714,126800,245614,341886,389336,474491,543180,621468,678619,715724,775229,808206,891019,900472,905748,913974,913974,913974,913974,913974,913974,953690,953690,960133,960133,960133,960133,960133,960133,960133,960133,960133,960133,960133,GUY
86,Haiti,0,0,0,0,0,0,0,6576,35741,67023,135597,184769,197175,224249,234119,253807,273442,280729,342724,354635,362130,470964,509500,510611,510611,515718,515718,606148,608275,608275,664150,664150,664150,664150,664150,664150,664150,HTI
87,Honduras,0,0,2684,43073,57639,317257,684035,1912232,4077054,5196072,6854692,7960942,9589064,10272600,11561083,11794913,12436017,13927995,14404631,14730793,15177956,15527895,16406054,16462331,16788825,16850623,16850623,16850623,16850623,16850623,16901540,16901540,16901540,16901540,16901540,16901540,16901540,HND
88,Hong Kong,0,0,20700,505100,1413796,2400504,3729387,5663184,7588519,8677021,9043792,9457662,9925510,11125644,13114756,15128447,16042544,17082656,17713482,18077875,18659933,19450499,19819154,19982746,20338825,20625563,20699467,20739667,20779685,20807926,20824892,20837312,20847194,20847194,20847194,20847194,20847194,HKG
89,Hungary,0,299138,936938,2853155,5971865,8832277,9249943,9249943,9249943,12111107,12744317,14282270,15074636,15927853,16143987,16429829,16511359,16530488,16530488,16530488,16530488,16530488,16530488,16530488,16701238,16701238,16701238,16701238,16701238,16701238,16701238,16701238,16701238,16701238,16701238,16701238,16701238,HUN
90,Iceland,4875,15522,32157,72987,145261,249800,401582,470374,527448,554603,570788,648600,716926,775708,801420,805469,805469,805469,805469,805469,805469,805469,805469,805469,805469,805469,805469,805469,805469,805469,805469,805469,805469,805469,805469,805469,805469,ISL
91,India,0,3758843,14301266,65117896,151998107,210449895,329158139,461518479,644799225,886425292,1062631351,1237055142,1448865422,1664786038,1775178647,1841947045,1888681185,1933706281,1975334761,2042774905,2124186933,2185459294,2196335748,2199192115,2200989986,2204868897,2206361497,2206573347,2206638852,2206683432,2206711105,2206725772,2206740203,2206744185,2206747498,2206750188,2206751639,IND
92,Indonesia,0,515681,2690163,11805314,20015745,27045507,42744641,67761337,98966499,142192361,193361231,234839306,274749184,274749184,345697245,379419843,401308016,401308016,418977695,427093056,435683139,437867669,439654699,441132462,443173913,444303130,444303130,444303130,444303130,444303130,447595845,447595845,447595845,447595845,448192472,448199860,448199860,IDN
93,Iran,0,0,10000,319890,1068123,3141577,5717914,10168674,27057253,51950783,85369917,104781077,116210697,132202293,141526830,146884643,148902851,149903496,149957751,150984487,153666785,154472443,154491250,154729353,154773070,155011109,155011109,155011109,155363678,155369703,155426133,155437883,155445801,155445801,155445801,155461757,155461757,IRN
94,Iraq,0,0,0,26727,298377,582537,805363,1330393,3368843,7608508,9370826,12268675,14140578,15622179,16785945,17536902,18060386,18353783,18636865,18929174,19146869,19264920,19394050,19507805,19552980,19557364,19557364,19557364,19557364,19557364,19557364,19557364,19557364,19557364,19557364,19557364,19557364,IRQ
95,Ireland,2520,207935,471974,946603,1686197,3004734,4484587,6026309,6963977,7333754,7639571,8389866,9855509,10459707,10663873,10804167,10895528,10964965,11007164,11035633,11052185,11064139,11081386,11095873,11104086,11113090,11117597,11120328,11121867,11123866,11124963,11125325,11125603,11125603,11125603,11125603,11125603,IRL
96,Isle of Man,0,6859,21452,50426,72617,89507,104999,123947,127589,129319,132309,133131,177816,184858,187378,189523,189681,189681,189994,189994,189994,189994,189994,189994,189994,189994,189994,189994,189994,189994,189994,189994,189994,189994,189994,189994,189994,IMN
97,Israel,992320,4965697,8139185,10078900,10497884,10642480,10835895,11250465,13832387,15258242,16000006,16264005,16786452,17929209,18058771,18111160,18152943,18173643,18201212,18220825,18230723,18251405,18359731,18519253,18609154,18637392,18643855,18647532,18648958,18649248,18649248,18649248,18649248,18649248,18649248,18649248,18649248,ISR
98,Italy,40667,2046549,4442015,10528438,20334184,35461311,52191122,68918460,78133143,85043025,90073352,96739702,111400252,128454068,134204348,136007970,136904313,137891607,138385623,139715452,140450197,140896187,142199651,143322451,144048328,144439112,144540116,144579659,144592112,144601007,144604658,144605814,144606652,144607832,144608324,144608839,144608839,ITA
99,Jamaica,0,0,0,33000,135473,177883,249983,300902,542888,755782,919992,1108662,1208785,1303898,1359844,1395909,1413247,1437876,1458169,1469784,1482408,1491497,1493518,1495422,1506682,1511046,1517814,1520542,1524232,1525895,1526909,1527360,1528062,1528323,1528445,1528445,1528445,JAM
100,Japan,0,0,28530,1002739,4271302,16833613,53313160,99615762,136610140,169869876,193462346,199657749,201971478,207982584,231952516,258633834,273925876,281316725,285281251,300315136,317700754,325473375,333003925,352044212,373165262,380179620,382434720,383419107,383724199,383747738,383747738,383747738,383747738,383747738,383747738,383747738,383747738,JPN
101,Jersey,0,0,0,59132,82738,108577,122930,142066,148729,154921,172720,187228,209935,219845,222371,228059,232355,234672,236026,237997,238225,245039,257209,264032,266239,266953,266953,266953,266953,266953,266953,266953,266953,266953,266953,266953,266953,JEY
102,Jordan,0,40000,150000,409203,919922,1904235,3907618,5214727,6422943,7002305,7476831,7884721,8265793,9147386,9491363,9832387,9896497,9951844,10007983,10032773,10057975,10057975,10057975,10057975,10057975,10057975,10057975,10057975,10057975,10057975,10057975,10057975,10057975,10057975,10057975,10057975,10057975,JOR
103,Kazakhstan,0,0,22294,109995,1559836,3170032,5335768,9101581,11995502,14168795,15782394,16787821,17501273,17941272,20884314,20918681,20918681,20918681,20918681,20918681,20918681,20918681,20918681,20918681,20918681,20918681,20918681,20918681,20918681,20918681,20918681,20918681,20918681,20918681,20918681,20918681,20918681,KAZ
104,Kenya,0,0,0,161771,853081,969692,1378585,1712550,2773239,3761876,5321880,7175590,10002184,12252574,16691191,17439527,17849742,18335254,18535975,18535975,20920745,21522783,22457583,22763869,23063539,23132128,23359310,23359310,23750431,23750431,23750431,23750431,23750431,23750431,23750431,23750431,23750431,KEN
105,Kiribati,0,0,0,0,0,0,0,0,13970,36332,65279,82167,82167,111686,120594,133953,136758,147497,147497,147497,156812,159883,178382,193491,193491,215382,219980,219980,219980,219980,219980,219980,219980,219980,219980,219980,219980,KIR
106,Kosovo,0,0,0,0,22096,55237,179029,428818,825745,1328825,1566251,1615360,1673578,1777085,1812571,1822431,1826228,1829189,1830622,1834274,1835582,1836213,1836572,1836858,1837093,1837363,1837446,1837446,1837446,1837446,1837446,1837446,1837446,1837446,1837446,1837446,1837446,OWID_KOS
107,Kuwait,0,35000,175000,604861,1000000,1820000,1820000,2375455,2668082,2668082,2668082,6578646,6942690,7332551,7567520,7814545,7969160,8022755,8120613,8173067,8201395,8214656,8227208,8250357,8255386,8258076,8258789,8259320,8259894,8260414,8260583,8260751,8260934,8261067,8261153,8261221,8261221,KWT
108,Kyrgyzstan,0,0,0,0,27858,54101,173700,570564,1141442,1459330,1741064,2021768,2255224,2498929,2739073,2914115,3019327,3103935,3153186,3171445,3205696,3256644,3312149,3335812,3369942,3413210,3428855,3446396,3476493,3514890,3582110,3605275,3642467,3661335,3661335,3661335,3661335,KGZ
109,Laos,0,0,0,40732,184387,865694,1416267,2050711,4238543,4402770,4402770,5830021,5830021,7808722,9215226,10081203,10594229,10862186,10894482,10894482,11111066,11111066,11111066,11111066,11111066,11111066,11111066,11111066,11111066,11111066,11111066,11111066,11111066,11111066,11111066,11111066,11111066,LAO
110,Latvia,2336,24232,63949,142708,322082,764829,1120588,1321161,1476706,1637411,1959451,2274281,2555555,2787898,2853123,2876028,2885340,2891168,2894574,2895716,2895716,2895716,2895716,2895716,2895716,2895716,2895716,2895716,2895716,2895716,2895716,2895716,2895716,2895716,2895716,2895716,2895716,LVA
111,Lebanon,0,0,40593,216286,461726,774435,1349156,1946891,2457930,2914325,3293076,3601289,4379487,4902087,5176128,5281651,5602400,5634462,5673326,5720506,5752986,5778363,5797147,5809032,5814699,5814699,5814699,5814699,5814699,5814699,5814699,5814699,5814699,5814699,5814699,5814699,5814699,LBN
112,Lesotho,0,0,0,0,16000,36759,36759,72948,201795,359980,383341,617671,857925,857925,857925,905438,933825,933825,1043380,1077116,1077116,1077116,1077116,1246552,1259488,1259488,1319497,1339097,1339097,1339097,1339097,1339097,1339097,1339097,1339097,1339097,1339097,LSO
113,Liberia,0,0,0,0,0,56144,82212,82212,82212,82212,438430,597913,880313,880313,880313,1132502,1837296,1996703,2716330,2921554,2921554,3657724,4179219,4372595,4460668,4460668,4460668,4460668,4460668,4460668,4460668,4460668,4460668,4460668,4460668,4460668,4460668,LBR
114,Libya,0,0,0,0,750,106559,379404,546745,1031060,1586055,1988280,2335862,2679874,3051024,3324621,3436348,3451352,3460229,3579762,3677815,3695810,3710544,3716080,3716080,3716080,3739158,3739158,3739158,3739158,3739158,3739158,3739158,3739158,3739158,3739158,3739158,3739158,LBY
115,Liechtenstein,0,841,2602,6103,13002,21844,32497,39224,43159,46882,48748,51149,63015,69088,70233,70438,70572,70687,70784,71297,71416,71468,72910,73801,74154,74275,74304,74311,74323,74330,74337,74337,74337,74337,74337,74337,74337,LIE
116,Lithuania,9755,94843,240938,522595,990801,1614087,2246380,2583407,3000693,3227101,3396649,3705161,4131857,4415194,4451314,4467757,4479117,4485605,4488966,4492943,4497824,4502541,4517897,4533451,4539926,4543249,4544489,4545370,4545774,4545970,4546061,4546097,4546171,4546398,4572513,4594166,4602992,LTU
117,Luxembourg,1251,12433,37806,95691,196285,351206,551948,710393,763069,789522,831783,914454,1076484,1231309,1269564,1281368,1287540,1297602,1304349,1328198,1342382,1348663,1359731,1367174,1371220,1373440,1374230,1374547,1374547,1374547,1374547,1374547,1374547,1374547,1374547,1374547,1374547,LUX
118,Macao,0,0,14426,51017,104136,173404,340645,509754,598356,672372,790170,918971,972604,1041508,1110726,1246959,1347963,1412074,1440097,1447651,1491691,1507144,1507144,1663581,1785391,1794387,1797836,1800896,1802985,1802985,1802985,1802985,1802985,1802985,1802985,1802985,1802985,MAC
119,Madagascar,0,0,0,0,0,36640,197001,197001,197001,381633,566265,685440,742069,971426,1228391,1306962,1306962,1306962,1306962,1610098,1776296,1871165,2069585,2278137,2426238,2514403,2675087,2787212,2926203,2973152,3021300,3092063,3092063,3092063,3092063,3092063,3092063,MDG
120,Malawi,0,0,0,134289,296127,355118,428407,591863,883432,1047408,1238209,1414261,1800908,1881955,1934835,1993981,2054585,2166402,2166402,3171945,4121001,4575245,5619203,5930743,6367571,6919257,7159342,7405348,7651179,8168028,8306224,8359717,8359717,8503954,8503954,8503954,8503954,MWI
121,Malaysia,0,0,18789,707542,1465278,3044131,8307968,21129365,35576066,44980438,50707776,53723076,57849311,63729703,67373064,69056339,70476629,71157075,71456729,71888777,72084230,72161678,72201112,72289129,72357376,72536994,72578908,72599577,72612445,72624364,72630371,72634081,72636593,72639700,72642953,72644203,72647030,MYS
122,Maldives,0,0,111415,237716,397875,477916,507741,590954,686956,731796,752341,772056,790154,843409,902028,936858,941070,943776,945800,949382,950693,950888,951199,951398,951419,951419,951578,951645,951660,951764,951764,951764,951764,951764,951764,951764,951764,MDV
123,Mali,0,0,0,0,49903,127042,179634,196862,296490,405053,585224,847067,1057653,1488256,1634711,1873615,1873615,2199134,2406986,2700389,2946509,3126178,3615160,4019119,4468360,4754851,4916568,5369445,5793606,5922585,5922585,5922585,5922585,5922585,5922585,5922585,5922585,MLI
124,Malta,0,27759,79624,197383,335848,519994,670759,759818,797017,818593,879909,959906,1072274,1213371,1242888,1256770,1276869,1300807,1317273,1329764,1334248,1335388,1343194,1372447,1376966,1379551,1380343,1380692,1380812,1380865,1380936,1380954,1380974,1380984,1380987,1380990,1380990,MLT
125,Mauritania,0,0,0,0,7038,37331,161082,193776,254155,1118158,1556245,1734046,1937226,1937226,1937226,1937226,2118211,2838929,2850398,3052866,3085578,3252274,3252274,3961981,4066473,4066473,4068530,4068530,4068530,4068530,4068530,4068530,4075704,4075704,4075704,4075874,4075874,MRT
126,Mauritius,0,0,3843,117323,117323,400801,706948,1156482,1496498,1655555,1749997,1875132,2036896,2036896,2353567,2353567,2353567,2548623,2559789,2566599,2574154,2584578,2610884,2612048,2612729,2613037,2614235,2614619,2614887,2615287,2615287,2616012,2616012,2616012,2616012,2616012,2616012,MUS
127,Mexico,24998,673327,2455095,7851053,18080005,30477703,45898210,66712486,84946443,101190484,126339370,132636811,148814260,165750330,181945907,191907868,198511220,206941649,209179257,209673612,209673612,209673612,223158993,223158993,223158993,223158993,223158993,223158993,223158993,223158993,223158993,223158993,223158993,223158993,223158993,223158993,223158993,MEX
128,Moldova,0,0,0,40321,147315,416814,726970,1042636,1089888,1401428,1520548,1625371,1776513,1931716,2067005,2125247,2144104,2148116,2165600,2165600,2229252,2241785,2241785,2257287,2266205,2276473,2278699,2284353,2286261,2287894,2288948,2288948,2290848,2290848,2291436,2291436,2291436,MDA
129,Monaco,0,2400,2400,18081,25104,30029,36609,42806,47882,49980,49980,49980,65140,65140,65140,65140,65140,65140,65140,65140,65140,65140,65140,65140,65140,65140,65140,65140,65140,65140,65140,65140,65140,65140,65140,65140,65140,MCO
130,Mongolia,0,0,6808,300366,1208619,3165008,3767598,4154534,4333638,4381268,4395278,4410657,5340605,5446952,5467728,5478794,5488768,5492919,5492919,5492919,5492919,5492919,5492919,5492919,5492919,5492919,5492919,5492919,5492919,5492919,5492919,5492919,5492919,5492919,5492919,5492919,5492919,MNG
131,Montenegro,0,0,1288,22391,61745,210720,288860,329968,394420,455035,500759,530279,634517,654000,663335,668536,671868,673785,675154,677121,679171,679171,679171,679171,679171,679171,679171,679171,679171,679171,679171,679171,679171,679171,679171,679171,679171,MNE
132,Montserrat,0,0,652,1542,1909,2522,2640,2791,2828,2871,2911,2949,3020,3804,4089,4211,4237,4255,4422,4499,4523,4544,4564,4564,4619,4619,4619,4619,4619,4619,4619,4619,4619,4619,4619,4619,4619,MSR
133,Morocco,0,126000,3597903,7994600,9315054,14143401,19109805,23755510,33721703,41099861,47633925,48851348,50265580,52203154,53735588,54201634,54427583,54595032,54758259,55051989,55193366,55269802,55307389,55343330,55357504,55373731,55382780,55386490,55388233,55389602,55389602,55389602,55389602,55389602,55389602,55389602,55389602,MAR
134,Mozambique,0,0,0,57305,57305,394312,438382,691040,2297842,3644423,5871057,10145909,14718782,19066507,19066507,19066507,19066507,19066507,19066507,19066507,19066507,19066507,19435780,23615161,29140427,29457535,29457535,29457535,29457535,29457535,34948793,34950858,34950858,34950858,34950858,34950858,34950858,MOZ
135,Myanmar,0,3800,380000,1040000,1800000,2994900,3368042,3500000,6253687,10935671,20299011,28707770,31859036,40953452,44506755,49316486,55566474,59453155,64549994,64549994,64549994,64549994,64549994,64549994,64549994,64549994,64549994,64549994,64549994,89454913,89454913,89454913,93477104,93477104,93477104,93477104,93477104,MMR
136,Namibia,0,0,0,1501,21707,76949,145957,213495,305086,428989,574217,630212,630212,773702,814463,814463,814463,814463,825518,903935,933619,952713,962898,967122,972893,978339,981773,986684,989412,990462,992661,1002734,1002734,1005582,1005821,1005937,1005937,NAM
137,Nauru,0,0,0,0,700,7392,9313,14784,14863,14863,14863,14863,14863,15128,15128,16824,22976,22976,22976,24005,24005,24005,25172,25172,25172,25172,32157,32157,32157,32157,32157,32157,32157,32157,32157,32157,32157,NRU
138,Nepal,0,0,402264,1600000,2091511,2802596,3356335,5682627,9799013,13742124,15268771,18317508,21988516,31642503,37125732,40068218,41843057,42916756,46113867,52867991,55409828,58094360,59118206,59930762,60184003,60789000,60976433,61174872,61476637,61989256,62086946,62086946,62086946,62086946,62608595,62627629,62627629,NPL
139,Netherlands,0,304254,1165678,2067101,4923025,8567541,13929216,19529291,21591630,22166181,22686910,23293879,28040912,31782254,32259908,33153048,34423242,34693957,34966785,35452121,35586464,36317089,38625709,39390946,39611152,39743124,39788263,39805715,39810084,39812465,39814597,39815507,39816282,39816526,39816526,39816526,39816526,NLD
140,New Caledonia,0,0,4457,28913,60916,86639,111259,125742,151912,223735,324466,350362,355717,363290,366924,367883,459318,461075,461709,462522,462522,469223,469516,469759,469996,479043,479880,480346,480624,480702,480702,480702,480702,480702,480702,480702,480702,NCL
141,New Zealand,0,0,6724,73759,275929,652110,1175944,1925030,3516239,5228059,6874517,7583216,8185415,9461044,10629825,10961201,11045369,11086730,11143274,11478937,11691826,11774715,11840623,11904449,11956230,11976992,11985764,11999482,12052315,12052315,12052315,12052315,12052315,12052315,12052315,12052315,12052315,NZL
142,Nicaragua,0,0,0,0,135130,167500,167500,415640,645733,788502,1306694,6033123,7785141,8659628,9367505,9611936,10377431,10561352,11441278,11602504,11707462,11829966,11910479,11992242,12098543,12190274,12254393,15295641,15304013,15328476,15498213,15498213,15507763,15507763,15507763,15507763,15507763,NIC
143,Niger,0,0,0,0,1366,159525,255587,255587,490549,533899,896106,971636,971636,1798575,1840055,2681673,2692524,2694418,3530154,4394310,4531782,4534313,7042134,7042134,7187711,7241942,7241942,7339299,7339299,7339299,7339299,7372208,7372208,7372208,7372208,7372208,7372208,NER
144,Nigeria,0,0,0,718412,1191563,2030063,3397472,3938945,4432282,6734764,8772539,9846182,14838199,20617588,26516526,31391732,37534649,43994555,50619238,56126494,63346714,73714289,87872150,91552088,102292641,108052995,111985403,116606863,116606863,116606863,116606863,127697675,128382195,130894625,132212099,133048021,133048021,NGA
145,Niue,0,0,0,0,0,0,698,1216,2352,2352,2352,2628,2628,2628,2628,2628,2628,2628,2628,2628,2628,2628,4920,4920,4920,4920,4920,4923,4923,4923,4923,4923,4923,4923,4923,4923,4923,NIU
146,North Macedonia,0,0,0,7735,61603,315781,542699,904583,1253612,1513785,1605913,1694373,1755026,1804728,1826409,1839209,1841819,1841819,1850145,1857686,1860276,1861711,1862061,1862505,1862610,1862732,1862732,1862732,1862732,1862987,1862987,1862987,1862987,1862987,1862987,1862987,1862987,MKD
147,Northern Cyprus,0,11000,11000,97969,109490,129743,194782,194782,302854,491206,551457,617389,617389,617389,617389,617389,617389,617389,617389,617389,617389,617389,617389,617389,861519,861519,861519,861519,861519,861519,861519,861519,861519,861519,861519,861519,861519,OWID_CYN
148,Northern Ireland,0,246421,558597,901766,1354660,1720107,2038058,2262641,2449587,2526802,2663473,3048854,3520286,3670010,3723619,3757322,3814969,3914382,3940423,3956128,3963984,3991490,4277894,4433610,4468643,4481396,4484281,4486445,4532984,4589120,4600237,4600649,4600649,4600649,4600649,4600649,4600649,OWID_NIR
149,Norway,2422,133347,515380,1008758,1799649,2717176,4256720,5458642,7002116,7880342,8075230,8709176,9789464,11038767,11266569,11313458,11337246,11373203,11416160,11512091,11745233,11988926,12107373,12145560,12145560,12145560,12145560,12145560,12145560,12145560,12145560,12145560,12145560,12145560,12145560,12145560,12145560,NOR
150,Oman,6516,37045,67660,151512,244821,296894,859000,1887421,3752420,4946987,5679984,5934585,6118018,6600551,6878593,7012356,7039789,7039789,7068002,7075878,7075878,7075878,7086050,7086050,7086050,7086050,7086050,7086050,7086050,7086050,7086050,7086050,7086050,7086050,7086050,7086050,7086050,OMN
151,Pakistan,0,0,72882,800000,2100000,6130509,13484364,29648055,56768446,82830350,103514198,123032063,156623021,174085175,214661126,237931825,246181059,249380176,270168135,285218897,292563934,296880485,299807553,301954054,317080887,333510412,333759565,334682801,338508314,338879164,339759802,339886942,339967103,340055064,340902012,340974144,340974144,PAK
152,Palestine,0,0,0,87066,213493,540908,868197,1007483,1392299,2155304,2792419,3121061,3383211,3425379,3425379,3694897,3718981,3723499,3734270,3737310,3741181,3741181,3748571,3748571,3748571,3748571,3748571,3748571,3748571,3748571,3748571,3748571,3748571,3748571,3748571,3748571,3748571,PSE
153,Panama,0,8772,119176,342716,591802,959588,1435876,1983864,4124375,5367816,5797679,5985389,6193744,7040071,7544898,7930788,8057560,8216856,8358729,8484779,8538113,8622442,8654073,8671222,8688567,8720218,8756680,8778943,8869423,8893001,8893001,8893001,8893001,8893001,8893001,8893001,8893001,PAN
154,Papua New Guinea,0,0,0,0,1508,16459,49333,83123,127334,165070,290513,467166,504018,522939,547855,574716,586000,587340,615156,623255,651602,672183,681413,698357,700257,715322,720453,728951,733363,737695,737695,737695,737695,737695,737695,737695,737695,PNG
155,Paraguay,0,0,1522,46348,134680,436936,936503,2616835,4059098,4488153,5289785,6060065,6833614,7478535,8070750,8428214,8621956,8765455,8918755,9228436,9313856,9390960,9419313,9458873,9486776,9538513,9568675,9621361,9646975,9745545,9745545,9745545,9745545,9745545,9745545,9745545,9745545,PRY
156,Peru,0,0,323177,1054654,1840597,4369174,7792870,13645706,19274423,27961917,35609181,43074538,51093638,57709763,63533848,68321375,72873558,75673298,78137716,81072009,83347440,84602711,85289483,86163352,86772984,87379680,88047272,88699023,89343849,89727426,89964777,90138359,90345138,90825835,91063170,91377142,91412580,PER
157,Philippines,0,0,0,738913,1919851,5180721,10443407,19359927,33706295,45601096,59316764,86421420,108534301,126951502,134332014,141226139,146592864,149520786,153852751,158195420,162067505,165883899,167964363,168893220,169779996,170014442,170545638,189317158,189317158,189317158,189317158,189317158,189317158,189317158,189317158,189317158,189317158,PHL
158,Pitcairn,0,0,0,0,0,0,47,77,83,94,94,94,94,94,94,94,94,94,94,94,117,117,117,117,117,117,117,117,117,117,117,117,117,117,117,117,117,PCN
159,Poland,47600,1176904,3336354,6270976,11470800,20084619,29242214,34429956,36286614,37212955,39064978,41675389,46987401,51658515,53324129,53939224,54267954,54508366,54600779,54980799,56172915,56820258,57401382,57658933,57786691,57881543,57912594,57959248,57984417,58008597,58018433,58023423,58024971,58027580,58030729,58032403,58032403,POL
160,Portugal,0,383674,944189,1752261,3579577,5885793,8562066,12526392,14898541,16174587,16725209,17823516,19972803,22369550,23628848,23798582,23944416,24215373,24715782,24907112,24963428,25655703,26635596,27405529,28007028,28096627,28154589,28181703,28188046,28192155,28194526,28195617,28196428,28196689,28196689,28196689,28196689,PRT
161,Qatar,0,50000,140000,816484,1556203,2545193,3145062,3780468,4454401,4712907,4834881,4979699,5205664,5819013,6325732,6629871,6761243,6885951,6981756,7302700,7397097,7491345,7584081,7597911,7601367,7605455,7607265,7608371,7608981,7609178,7609178,7609178,7609178,7609178,7609178,7609178,7609178,QAT
162,Romania,10289,691075,1524457,3079868,5232028,7864699,8954818,9413547,9767531,10233640,12676731,14910355,15824909,16432047,16677784,16740510,16776750,16814198,16827486,16827486,16827486,16827486,16827486,16827486,16827486,16827486,16827486,16827486,16827486,16827486,16827486,16827486,16827486,16827486,16827486,16827486,16827486,ROU
163,Russia,0,1000000,1000000,11373572,19834392,28501637,40027944,61902078,80244526,90298423,104464268,126818133,146364014,154374065,160816996,163623016,166388061,167125605,168942751,170307823,174883953,178107276,180354300,181894298,183889038,184434902,185672750,186575672,186640698,186692479,186692479,186700479,186700479,187374508,187374508,187374508,187374508,RUS
164,Rwanda,0,0,0,348926,349871,400096,578569,646909,2174283,3779887,5627426,6976687,12588963,16555832,19421047,20141669,20141669,22214312,22715578,25522207,26054302,26106436,26106436,26106436,26106436,26106436,26106436,26106436,26106436,26106436,27322059,27322059,27322059,27322059,27322059,27322059,27322059,RWA
165,Saint Helena,0,0,107,4454,5373,7892,7892,7892,7892,7892,7892,7892,7892,7892,7892,7892,7892,7892,7892,7892,7892,7892,7892,7892,7892,7892,7892,7892,7892,7892,7892,7892,7892,7892,7892,7892,7892,SHN
166,Saint Kitts and Nevis,0,0,0,8573,11848,25347,41850,43640,45980,47415,50202,52386,54868,56698,60467,60467,60467,60467,60467,62450,64225,64225,64225,64225,64297,64297,64297,64297,64297,64297,64297,64297,64297,64297,64297,64297,64297,KNA
167,Saint Lucia,0,0,0,22357,24266,46771,52771,57066,64523,78510,87446,100779,104994,108090,116213,117860,119606,120643,121464,122036,122447,122552,122552,122552,122977,122977,122977,122977,122977,122977,122977,122977,122977,122977,122977,122977,122977,LCA
168,Saint Vincent and the Grenadines,0,0,0,10519,14511,20768,24737,25635,30948,34149,43963,54462,61198,64440,67444,69756,70287,70847,71501,72202,72532,72687,72941,72979,72979,73329,73374,73435,73443,73443,73443,73443,73443,73443,73443,73443,73443,VCT
169,Samoa,0,0,0,0,0,28443,54663,81114,134265,172316,194141,248729,263189,267016,276278,304893,395440,412127,412127,412127,446599,448009,448674,448784,448784,449607,452831,452831,453083,453083,453083,453083,453083,453083,453083,453083,453083,WSM
170,San Marino,0,0,35,12341,28970,42934,44515,45583,46486,47026,47502,47834,53942,63366,64480,68235,69177,69338,69338,69338,69338,69338,69338,69338,69338,69338,69338,69338,69338,69338,69338,69338,69338,69338,69338,69338,69338,SMR
171,Sao Tome and Principe,0,0,0,9724,9724,18888,27986,43960,43987,82679,108838,121357,137612,182238,182238,193775,193775,208657,218850,223558,223558,227479,227603,227825,228291,228291,228291,228291,262761,262837,263275,263863,263863,263863,263863,263863,263863,STP
172,Saudi Arabia,0,440618,780667,4432572,9343991,14208292,17880870,26867756,37133188,42109715,45720862,47444801,50894142,57328405,60953969,60953969,60953969,60953969,60953969,60953969,60953969,60953969,60953969,60953969,60953969,60953969,60953969,60953969,68534631,68534631,68534631,68534631,68534631,68534631,68534631,68534631,68534631,SAU
173,Scotland,0,583746,1690443,2892389,4075205,5342521,6538976,7208959,7799870,8034463,8971589,10021469,11392828,11844646,12028503,12219306,12599768,12798177,12918235,12978152,13010095,13014285,13014285,13014285,13014285,13014285,13014285,13014285,13014285,13014285,13014285,13014285,13014285,13014285,13014285,13014285,13014285,OWID_SCT
174,Senegal,0,0,27018,260754,411343,522575,664826,906557,1712551,1812874,1836019,1903098,1903098,1923773,2064199,2064199,2469499,2469499,2469499,2469499,2469499,2469499,2469499,2709648,2709648,2835726,2928086,2929547,2934309,2936343,2936343,3093244,3093244,3152562,3152562,3152562,3152562,SEN
175,Serbia,0,437380,1436682,2444395,3514605,4552842,5146241,5536170,5882966,6497670,7104240,7899611,8239799,8402695,8472336,8494958,8494958,8529217,8534688,8534688,8534688,8534688,8534688,8534688,8534688,8534688,8534688,8534688,8534688,8534688,8534688,8534688,8534688,8534688,8534688,8534688,8534688,SRB
176,Seychelles,0,30861,79438,100552,126840,134475,138581,141435,143490,148402,166521,179462,183472,190758,196959,199850,199850,201121,201121,209471,214152,215396,217487,218360,219489,220018,220018,224020,224558,224558,224558,224558,224558,224558,224558,224558,224558,SYC
177,Sierra Leone,0,0,0,31889,59786,79762,97315,97315,193557,236465,396196,868726,868726,1409313,1813692,2868978,2868978,2930408,3493386,3493386,3940973,4258299,4834206,5299622,6158679,6444983,6836192,7548308,7548308,8124614,9137310,9155936,9155936,9155936,9155936,9155936,9155936,SLE
178,Singapore,619,154413,500032,1388092,2734723,4018221,5491169,7640482,8863368,9443754,10250661,10952522,11795254,13006440,13723906,14051423,14255908,14440562,14543219,14605033,14656154,14695667,14727569,14727569,14727569,14727569,14727569,14727569,14727569,14727569,14727569,14727569,14727569,14727569,14727569,14727569,14727569,SGP
179,Sint Maarten (Dutch part),0,0,0,0,0,29055,38290,45346,48042,49310,50672,51697,52304,60098,61545,62043,62043,62043,63552,63735,64027,65095,65324,65515,65515,65515,65515,66829,66829,66829,66829,66829,66829,66829,66829,66829,66829,SXM
180,Slovakia,0,217224,546223,1021329,1632429,2812249,3771604,4284997,4616982,4758401,5000849,5000849,5000849,5635086,5710247,5731178,5740819,5747390,5750512,5754313,5754313,5754313,5754313,5754313,5754313,5754313,5754313,5754313,5754313,5754313,5754313,5754313,5754313,5754313,5754313,5754313,5754313,SVK
181,Slovenia,11490,82935,178910,375136,642824,1067270,1477579,1701324,1853253,2082047,2213583,2534369,2761948,2915311,2962788,2978361,2988402,2993530,2996395,2996643,2996643,2996643,2996643,2996643,2996643,2996643,2996643,2996643,2996643,2996643,2996643,2996643,2996643,2996643,2996643,2996643,2996643,SVN
182,Solomon Islands,0,0,0,0,7001,16581,21742,39363,71601,97744,152832,208046,235918,271063,301219,358073,425059,452002,463637,479045,520305,529943,625956,625956,625956,625956,625956,625956,625956,625956,625956,625956,625956,625956,625956,625956,625956,SLB
183,Somalia,0,0,0,0,117567,134133,208415,249790,291053,495041,668104,964433,1504914,1610500,1838348,2395219,2651515,2712296,3143630,3648859,4509366,5656748,8132773,8134037,8520930,8726329,8726329,8726329,9443849,9443849,9443849,10555834,10555834,10555834,10555834,10555834,10555834,SOM
184,South Africa,0,0,70527,263878,317656,1045104,3026636,7297912,12568525,17505358,22381951,25619891,27903338,29884699,31439128,33656772,34864969,36063285,36823695,37192985,37456345,37641904,37796701,37967080,38050611,38050611,38578896,38645389,38813021,38841308,38882146,38882146,38882146,41798812,41798812,41798812,41798812,ZAF
185,South Korea,0,0,53465,953407,3707969,8157320,19528530,25812578,44243068,64012569,78788341,85680781,103955630,114604100,119359992,121046205,123381965,125600563,126028997,127318099,129020102,129350823,129509774,129625158,129647782,129647782,129647782,129647782,129647782,129647782,129647782,129647782,129647782,129647782,129647782,129647782,129647782,KOR
186,South Sudan,0,0,0,0,947,9744,44920,56989,57150,103751,134371,218154,268640,342153,524292,575057,668680,730047,1226772,1461516,1734718,2119583,2180708,2212473,2310167,2345851,3173545,3218712,4174929,4312900,4312900,4312900,4312900,4337580,4365547,4365547,4365547,SSD
187,Spain,0,1609261,3829465,8035160,16364595,27119733,42027584,56186601,66130220,70153507,72058020,76680144,83529796,90272896,92633158,94004482,94404832,94734966,95153556,95491074,95676798,95783126,98948747,102574756,104186558,105094800,105522606,105733320,105799888,105840320,105840320,105840320,105840320,105840320,105840320,105840320,105840320,ESP
188,Sri Lanka,0,59154,466350,913219,953461,1956742,3693103,11768810,20126990,26233218,28581571,29674708,33841264,35764626,38275280,39293230,39442424,39566204,39602871,39666023,39802793,39994991,40116590,40116590,40116590,40116590,40116590,40116590,40116590,40116590,40116590,40116590,40116590,40116590,40116590,40116590,40116590,LKA
189,Sudan,0,0,0,0,140227,358236,677957,810560,1129054,1499982,1659666,1659666,3276654,3718299,5711034,6761896,7074667,8179010,8179010,8179010,8179010,8179010,8179010,13186858,13711970,13711970,18425870,18495743,22598737,22598737,22598737,22598737,22598737,22598737,22598737,22598737,22598737,SDN
190,Suriname,0,0,0,26057,38351,82943,196194,245971,337124,401242,451190,476450,489798,497428,502059,504529,505189,505699,505699,505699,505699,505699,505699,505699,505699,505699,505699,505699,505699,505699,505699,505699,505699,505699,505699,505699,505699,SUR
191,Sweden,0,341322,872614,1659155,3191230,5420100,8102654,10392715,12671501,13756728,14670059,15947914,17617810,19521203,20575445,21139587,21842506,22536422,22710195,22830565,22910893,24024084,24929603,25230500,25511046,25637656,25673731,25882489,26078192,26169536,26207344,26218018,26232402,26248215,26317969,26375118,26375118,SWE
192,Switzerland,6382,320774,821122,1568521,2837375,5012744,7551720,9023981,9651119,10478207,11109657,11961751,13846441,15318287,15571857,15645659,15689379,15725697,15770511,15893066,15981584,16021490,16419584,16754187,16877061,16917099,16930321,16936753,16938693,16939969,16940706,16940716,16940716,16940716,16940716,16940716,16940716,CHE
193,Syria,0,0,0,0,2500,24781,108276,131221,403254,811852,1125146,1422377,1753522,2974507,3187594,3442389,3687404,3870173,4232490,4389805,4583601,4709714,4777586,4777586,4940436,4971203,4971203,4971203,5090630,5090630,5090630,5090630,5090630,5090630,5090630,5090630,5090630,SYR
194,Taiwan,0,0,0,14400,57884,319665,2043218,8088871,10958966,15880889,24870150,31546833,34872136,41984449,47148570,49607595,52430493,55072565,57970591,59654910,60757657,61787492,63184581,63848597,64721772,66514440,67094500,67577192,67913330,67913330,68086309,68117402,68148341,68158988,68158988,68158988,68158988,TWN
195,Tajikistan,0,0,0,0,0,91775,223648,564922,2808056,4139385,4819257,5579193,6605225,8305260,9279471,11014334,11758562,12504152,14192444,14192444,15441380,15441380,15441380,15441380,18871161,18871161,18871161,18871161,18871161,18871161,20525784,20525784,20525784,20525784,20525784,20525784,20525784,TJK
196,Tanzania,0,0,0,0,0,0,0,0,304603,350000,1001610,1337045,2431769,3226750,4440797,5031070,6699665,7967468,8837371,16871609,23250648,26202010,31047338,32893229,35994687,35994687,38911619,39392419,39392419,39392419,39392419,39392419,39392419,39392419,39392419,39392419,39392419,TZA
197,Thailand,0,0,0,180477,1477078,3664859,9927698,17685974,31771819,46023016,75389558,92360417,105160269,116749385,123840373,129548423,133262106,137076747,138987149,140835370,142028850,142635014,142635014,142635014,142635014,142635014,142635014,142635014,142635014,142635014,142635014,142635014,142635014,142635014,142635014,142635014,142635014,THA
198,Timor,0,0,0,0,2629,63753,228766,363269,588299,711879,896975,1112223,1195990,1237678,1259011,1330576,1451179,1577138,1652643,1746143,1789540,1820082,1856567,1943325,1984560,2008429,2011703,2013410,2015344,2018353,2019384,2019384,2019384,2019384,2025301,2028798,2028798,TLS
199,Togo,0,0,0,42092,160000,311938,347246,454208,535518,997632,1375481,1665087,2413619,2515341,2515341,2757575,2757575,2757575,2757575,3222792,3274089,3286253,3381542,3392046,3396543,3398445,3398445,3399716,3401991,3405893,3405893,3407277,3407277,3412326,3412326,3423181,3423181,TGO
200,Tokelau,0,0,0,0,0,0,0,0,968,968,1936,1936,1936,1936,1936,1936,1936,1936,1936,2464,3326,3326,3956,3956,5374,5374,5374,5374,5374,5374,5374,5374,5374,5374,5374,5374,5374,TKL
201,Tonga,0,0,0,0,6716,25970,30016,39511,68404,73603,84506,118185,130236,138684,147193,147193,181220,190474,191530,200335,201263,201263,201926,202604,202604,202604,202720,202720,203208,203208,203208,203208,203208,203208,203208,203208,203208,TON
202,Trinidad and Tobago,0,0,991,991,42455,95850,302548,583515,908632,1073351,1224955,1313024,1408384,1480799,1524592,1544257,1552758,1563433,1573535,1577355,1579700,1580898,1580898,1580898,1580898,1580898,1580898,1580898,1580898,1580898,1580898,1580898,1580898,1580898,1580898,1580898,1580898,TTO
203,Tunisia,0,0,0,53089,372083,958951,1844651,2663438,5683733,8027352,9253797,10560342,12156566,12757250,12993306,13049848,13118962,13133590,13133590,13133590,13133590,13146062,13150936,13170075,13172572,13243018,13244353,13246378,13248384,13252435,13253317,13253317,13253317,13253317,13253317,13253317,13253317,TUN
204,Turkey,0,1986237,8547875,15834787,22816891,29171543,50608142,73272667,94167554,109495613,116280951,120390651,131646005,141981790,145631632,146995383,147498664,147734958,147828801,150530369,152010807,152315295,152469836,152543341,152543341,152543341,152543341,152543341,152543341,152543341,152543341,152543341,152543341,152543341,152543341,152543341,152543341,TUR
205,Turkmenistan,0,0,51746,51746,51746,51746,51746,51746,51746,51746,51746,51746,51746,51746,51746,7140000,7140000,7140000,7140000,7140000,7140000,7140000,7140000,7140000,8286809,8286809,13040514,13040514,13040514,13040514,13040514,13040514,16775970,16775970,16775970,16775970,16775970,TKM
206,Turks and Caicos Islands,0,0,0,24300,25039,36170,38110,47263,49107,52374,54417,56343,56343,56343,68176,68670,68800,69465,69803,70169,72837,72837,72837,72837,72837,73907,73907,73907,73907,73907,73907,73907,73907,73907,73907,73907,73907,TCA
207,Tuvalu,0,0,0,0,2400,2400,4772,4772,10692,10861,12114,12114,12114,12114,12114,12114,12528,12528,16276,23746,25591,25591,25591,25591,25591,25591,26783,26783,26783,26783,26783,26783,26783,26783,26783,26783,26783,TUV
208,Uganda,0,0,0,90196,330077,672395,861645,1143763,1297726,2058553,3269568,4751422,9763030,12911692,16672943,17605945,19643808,21044430,21756456,24655406,25078754,25400085,25783131,26244519,26299538,26299538,26299538,26406936,26406936,26406936,26406936,26406936,26406936,26406936,26406936,26406936,26406936,UGA
209,Ukraine,0,0,3141,248736,752553,1161518,2676654,5594703,9239171,12747523,17695591,24747760,28457565,30366236,31668577,31668577,31668577,31668577,31668577,31668577,31668577,31668577,31668577,31668577,31668577,31668577,31668577,31668577,31668577,31668577,31668577,31668577,31668577,31668577,31668577,31668577,31668577,UKR
210,United Arab Emirates,0,3334162,6020461,8308469,10547584,12870553,15362342,16795717,18158991,20052399,21124819,21845924,22406584,23502501,24119061,24485172,24523744,24874376,24922054,24922054,24922054,24922054,24922054,24922054,24922054,24922054,24922054,24922054,24922054,24922054,24922054,24922054,24922054,24922054,24922054,24922054,24922054,ARE
211,United Kingdom,0,9790576,21091267,35660902,49319518,65211877,77909177,85138553,90997895,94633524,103814905,116001687,133312817,138143343,139884311,142226665,146177909,148549749,149760288,150693815,151206358,151248820,151248820,151248820,151248820,151248820,151248820,151248820,151248820,151248820,151248820,151248820,151248820,151248820,151248820,151248820,151248820,GBR
212,United States,5716312,38066296,88232689,172494725,263209607,313997712,339517243,356038132,380429513,403204153,432682634,475161508,521797692,550509505,561731241,568312182,581969320,592549109,600209859,607987438,613288488,626922109,646384492,658889454,666952241,671113219,673038761,674674587,676107562,676728782,676728782,676728782,676728782,676728782,676728782,676728782,676728782,USA
213,Uruguay,0,0,407,689623,1878719,2854187,3961949,4828488,5624575,6305630,6670019,6817037,6988225,7451006,7653372,8066947,8192571,8428718,8701743,8735643,8752299,8763329,8768625,8773011,8785446,8785446,8785446,8785446,8785446,8785446,8785446,8785446,8849344,8849956,9036063,9036273,9036273,URY
214,Uzbekistan,0,0,0,0,600369,1642744,2695058,5803255,14629853,20781994,26032029,33672515,39036802,40165642,42121870,45083468,48286000,52392744,55782994,58191020,63619811,65334146,70696770,70696770,71888007,73580492,74976351,75503399,75807715,75807715,79381802,79381802,80700978,82204584,82204584,82204584,82204584,UZB
215,Vanuatu,0,0,0,0,0,0,7462,23995,38250,57184,96536,129582,152711,178464,199464,199464,261709,281014,281014,282447,289912,289912,292146,293584,293584,293584,366638,366638,366638,366638,366638,366638,366638,366638,366638,366638,366638,VUT
216,Venezuela,0,0,157,14223,250000,316000,1466988,4000000,9342817,15714857,16127242,26314390,30049714,35352675,37860994,37860994,37860994,37860994,37860994,37860994,37860994,37860994,37860994,37860994,37860994,37860994,37860994,37860994,37860994,37860994,37860994,37860994,37860994,37860994,37860994,37860994,37860994,VEN
217,Vietnam,0,0,0,49743,519262,1102099,3776980,6203866,20210381,42888157,81929875,122083464,150935915,181280001,194970502,206338189,214939202,221395862,232676319,241480787,253398589,259794452,261694006,263040545,265336568,265668329,265668329,265980213,266128292,266403148,266492149,266492149,266492149,266492149,266492149,266492149,266492149,VNM
218,Wales,0,417147,1029488,1893423,2611925,3265670,3937360,4358325,4536358,4600253,5144244,5634787,6483034,6768192,6870780,6933559,7170482,7303995,7376421,7416889,7439110,7744873,8204256,8486260,8571119,8604887,8620670,8628990,8751112,8866460,8932482,8932482,8932482,8932482,8932482,8932482,8932482,OWID_WLS
219,Wallis and Futuna,0,0,0,3190,5638,8283,8933,9158,9801,10438,11361,11939,11939,12287,12849,13073,16376,16426,16426,16426,16426,16426,17959,17959,17959,18058,18058,18058,18058,18058,18058,18058,18058,18058,18058,18058,18058,WLF
220,Yemen,0,0,0,0,0,104070,268753,311483,311483,322934,534590,547019,547019,744060,772574,807502,821853,838621,864544,874886,898257,1065395,1145868,1149321,1238962,1242982,1256288,1258021,1275368,1275368,1282460,1282460,1282460,1287688,1287688,1298447,1298447,YEM
221,Zambia,0,0,0,0,32034,147033,154819,433716,575032,731450,871881,1086607,1730165,2386312,2863132,3431038,3787279,5251671,7199179,7789944,8922075,9408734,12008116,12146645,12583850,12673375,12722857,12792112,12792112,13454213,13454213,13454213,13454213,13454213,13454213,13454213,13454213,ZMB
222,Zimbabwe,0,0,19100,92426,500320,1020056,1332416,2433070,4219824,5346026,5911588,6611942,7264791,7632514,7890951,9208822,10153861,11611952,11798771,12022698,12145591,12208513,12222754,12222754,12222754,12222754,12222754,12222754,12222754,12222754,12222754,12222754,12222754,12222754,12222754,12222754,12222754,ZWE